id;assignment;userid;timecreated;timemodified;grader;grade;attemptnumber
17;4;106;1570357803;1573891597;1404;6.0;0
53;5;1334;1570462203;1573893342;1404;5.0;0
54;6;1334;1570463103;1573896865;1404;10.0;0
34;6;106;1570420803;1573897200;1404;16.0;0
55;7;1334;1570463105;1573899352;1404;15.0;0
156;4;176;1570972505;1573891223;1404;6.0;0
167;5;314;1570981503;1572516606;1404;2.0;0
169;6;314;1570992302;1572519920;1404;12.0;0
157;5;176;1570972508;1573893463;1404;5.0;0
164;6;176;1570974317;1573897071;1404;16.0;0
160;7;176;1570973411;1573899757;1404;15.0;0
161;9;176;1570974303;1573906351;1404;15.0;0
163;10;176;1570974312;1573908873;1404;20.0;0
159;11;176;1570973405;1573911037;1404;14.0;0
202;4;1283;1571160603;1573891300;1404;2.0;0
201;4;1352;1571157903;1572514776;1404;3.0;0
209;5;604;1571168709;1572516869;1404;2.0;0
210;6;604;1571168713;1572520659;1404;10.0;0
189;7;314;1571132703;1572528432;1404;15.0;0
211;7;604;1571168717;1572528702;1404;15.0;0
212;8;604;1571168720;1572531139;1404;6.0;0
238;9;314;1571250603;1572533054;1404;15.0;0
213;9;604;1571168724;1572533438;1404;15.0;0
214;10;604;1571168727;1572535838;1404;20.0;0
215;11;604;1571168731;1572537174;1404;14.0;0
343;6;1022;1571580902;1572520581;1404;16.0;0
401;4;1334;1571682603;1573890877;1404;6.0;0
374;7;106;1571634902;1573899834;1404;15.0;0
403;9;1334;1571682607;1573906273;1404;12.0;0
390;10;1334;1571670002;1573908791;1404;9.0;0
389;11;1334;1571669102;1573910942;1404;8.0;0
494;5;468;1571856303;1572517143;1404;5.0;0
489;6;468;1571845503;1572521428;1404;10.0;0
490;7;468;1571846403;1572529396;1404;15.0;0
477;5;325;1571835603;1573893008;1404;5.0;0
527;5;1002;1571995806;1573893710;1404;5.0;0
491;6;325;1571851803;1573896287;1404;16.0;0
528;6;1002;1571995808;1573897518;1404;12.0;0
492;7;325;1571852703;1573899088;1404;15.0;0
503;8;325;1571868003;1573901535;1404;9.0;0
502;9;325;1571867102;1573905940;1404;15.0;0
501;10;325;1571863502;1573908259;1404;20.0;0
493;11;325;1571854503;1573910710;1404;10.0;0
1032;15;176;1573050603;1575286477;1400;10.0;0
1033;16;176;1573050607;1575293179;1400;10.0;0
1034;17;176;1573050611;1575293592;1400;10.0;0
616;4;1218;1572111004;1573891920;1404;3.0;0
532;8;1002;1572003003;1573902172;1404;6.0;0
533;9;1002;1572003903;1573906686;1404;15.0;0
530;10;1002;1572000305;1573909356;1404;12.0;0
531;11;1002;1572000307;1573911242;1404;10.0;0
1020;13;1002;1572956103;1575292981;1400;12.0;0
675;4;1078;1572192905;1573890907;1404;6.0;0
690;4;1291;1572193819;1573891063;1404;2.0;0
655;5;263;1572183003;1573892917;1404;5.0;0
676;5;1078;1572192909;1573893358;1404;5.0;0
617;5;1218;1572111903;1573893961;1404;2.0;0
678;6;1078;1572192915;1573896914;1404;16.0;0
689;6;1291;1572193806;1573896941;1404;12.0;0
618;6;1218;1572111910;1573897675;1404;16.0;0
680;7;1078;1572192922;1573899584;1404;15.0;0
619;7;1218;1572111919;1573900317;1404;15.0;0
681;8;1078;1572192926;1573901793;1404;9.0;0
620;8;1218;1572111928;1573902268;1404;9.0;0
683;9;1078;1572192932;1573906295;1404;15.0;0
621;9;1218;1572111934;1573906908;1404;12.0;0
684;10;1078;1572192936;1573908824;1404;20.0;0
622;10;1218;1572111943;1573909621;1404;15.0;0
685;11;1078;1572192940;1573910987;1404;14.0;0
623;11;1218;1572111952;1573911322;1404;10.0;0
713;4;1250;1572201905;1573892132;1404;6.0;0
714;5;1250;1572202803;1573894155;1404;5.0;0
716;6;1250;1572202809;1573898143;1404;16.0;0
748;7;1250;1572207305;1573900540;1404;15.0;0
752;8;1250;1572210002;1573902436;1404;9.0;0
754;9;1250;1572210903;1573907228;1404;15.0;0
756;10;1250;1572211803;1573909942;1404;20.0;0
807;4;443;1572273003;1573891877;1404;6.0;0
804;4;1441;1572272103;1572513164;1404;3.0;0
839;4;997;1572288305;1572514218;1404;6.0;0
875;5;997;1572292809;1572516396;1404;4.0;0
814;5;1441;1572277503;1572516799;1404;2.0;0
800;5;1440;1572267603;1572517123;1404;5.0;0
817;6;1441;1572278413;1572520418;1404;12.0;0
816;6;1440;1572278403;1572521342;1404;12.0;0
852;7;1441;1572291005;1572528615;1404;15.0;0
850;7;1022;1572290125;1572528665;1404;15.0;0
825;7;1440;1572283807;1572529351;1404;15.0;0
842;8;468;1572290105;1572531754;1404;9.0;0
860;8;1441;1572291022;1572531046;1404;6.0;0
866;9;1441;1572291905;1572533303;1404;15.0;0
845;9;1022;1572290110;1572533409;1404;15.0;0
840;9;1440;1572289203;1572533984;1404;12.0;0
846;9;468;1572290115;1572534025;1404;15.0;0
869;10;1441;1572291911;1572535712;1404;18.0;0
837;10;1022;1572287415;1572535786;1404;15.0;0
841;10;1440;1572289208;1572536285;1404;18.0;0
863;10;468;1572291028;1572536359;1404;15.0;0
872;11;1441;1572291917;1572537128;1404;8.0;0
835;11;1022;1572287407;1572537167;1404;14.0;0
809;5;443;1572273008;1573893770;1404;5.0;0
810;6;443;1572273011;1573897600;1404;16.0;0
811;7;443;1572273013;1573900154;1404;12.0;0
812;9;443;1572274802;1573906745;1404;15.0;0
813;10;443;1572276602;1573909461;1404;12.0;0
1027;13;1352;1572978605;1575188967;1404;2.0;0
1026;13;1283;1572978602;1575291676;1400;6.0;0
1035;18;176;1573050614;1575301069;1400;5.0;0
1037;19;176;1573050622;1575301713;1400;16.0;0
1036;20;176;1573050618;1575303462;1400;7.0;0
892;4;1116;1572294631;1572513888;1404;0.0;0
895;5;1116;1572294644;1572516533;1404;5.0;0
899;6;997;1572295505;1572519457;1404;14.0;0
909;6;1116;1572295525;1572519853;1404;16.0;0
950;7;997;1572301809;1572528139;1404;15.0;0
913;7;1116;1572296405;1572528400;1404;15.0;0
915;8;1116;1572296411;1572530765;1404;9.0;0
929;9;1116;1572297331;1572533023;1404;15.0;0
937;10;1116;1572299109;1572535449;1404;20.0;0
939;11;1116;1572300003;1572536951;1404;14.0;0
907;8;443;1572295521;1573902244;1404;6.0;0
896;11;443;1572294648;1573911270;1404;12.0;0
968;4;398;1572512278;1570608615;-1;-1.0;0
970;4;1434;1572512468;1572512468;-1;-1.0;0
799;4;1440;1572265802;1572512814;1404;6.0;0
487;4;468;1571843705;1572512924;1404;6.0;0
168;4;314;1570983302;1572513057;1404;3.0;0
265;4;1022;1571317203;1572513212;1404;6.0;0
208;4;604;1571168706;1572513232;1404;6.0;0
956;8;997;1572303606;1572530658;1404;6.0;0
857;8;1022;1572291014;1572531100;1404;9.0;0
865;11;468;1572291903;1572537364;1404;10.0;0
1039;15;1002;1573210802;1575287045;1400;10.0;0
1031;14;176;1573049707;1575287818;1400;15.0;0
1038;14;1002;1573209903;1575288691;1400;13.0;0
1030;13;176;1573049702;1575291274;1400;16.0;0
1040;17;1002;1573212603;1575300684;1400;10.0;0
1041;18;1002;1573217103;1575301493;1400;15.0;0
652;4;263;1572180302;1573890538;1404;3.0;0
476;4;325;1571834703;1573890630;1404;6.0;0
526;4;1002;1571995803;1573891843;1404;6.0;0
18;5;106;1570358702;1573893531;1404;5.0;0
529;7;1002;1572000303;1573900082;1404;12.0;0
165;8;176;1570974327;1573901853;1404;9.0;0
761;11;1250;1572212703;1573911515;1404;14.0;0
1115;5;1291;1573912454;1573912463;1404;5.0;0
1116;7;1291;1573912491;1573912497;1404;15.0;0
1117;10;1291;1573912583;1573912589;1404;9.0;0
1118;11;1291;1573912610;1573912615;1404;8.0;0
1148;13;1116;1574074803;1575189768;1404;16.0;0
1158;14;314;1574104503;1575191393;1404;12.0;0
1149;14;1116;1574075703;1575191360;1404;12.0;0
1150;15;1116;1574076603;1575192316;1404;10.0;0
1151;16;1116;1574077502;1575193895;1404;10.0;0
1152;17;1116;1574082003;1575194767;1404;10.0;0
1153;18;1116;1574086503;1575195664;1404;15.0;0
1164;19;1116;1574111703;1575196928;1404;16.0;0
1240;17;314;1574439302;1575194822;1404;8.0;0
1241;18;314;1574440202;1575195701;1404;13.0;0
1328;19;314;1574676903;1575196962;1404;6.0;0
1334;20;314;1574678703;1575198213;1404;0.0;0
1305;19;1002;1574623827;1575302998;1400;10.0;0
1306;20;1002;1574624702;1575304168;1400;8.0;0
1280;20;1250;1574615702;1575304633;1400;5.0;0
1278;13;1250;1574614806;1575389122;1400;12.0;0
1281;18;1250;1574615707;1575392700;1400;15.0;0
1279;19;1250;1574614810;1575393749;1400;16.0;0
1421;13;967;1574871979;1574871979;-1;-1.0;0
1424;13;325;1574873668;1572357892;-1;-1.0;0
1398;13;997;1574717403;1575189584;1404;12.0;0
1388;18;997;1574710205;1575195566;1404;10.0;0
1414;15;1250;1574720107;1575287300;1400;10.0;0
1403;14;1250;1574718312;1575305667;1400;13.0;0
1418;16;1250;1574721905;1575390000;1400;9.0;0
1401;17;1250;1574718305;1575390833;1400;8.0;0
1159;15;314;1574105403;1575192356;1404;10.0;0
1452;13;1334;1575284010;1574153523;-1;-1.0;0
1456;15;1283;1575286478;1575286478;-1;-1.0;0
1460;15;68;1575286498;1575286498;-1;-1.0;0
1461;15;1109;1575286503;1575286503;-1;-1.0;0
1468;15;147;1575286558;1575286558;-1;-1.0;0
1469;15;106;1575286562;1575286562;-1;-1.0;0
1471;15;782;1575286590;1575286590;-1;-1.0;0
1476;15;385;1575286629;1575286629;-1;-1.0;0
1484;15;443;1575287138;1575287138;-1;-1.0;0
1485;15;1405;1575287140;1575287140;-1;-1.0;0
1489;15;1218;1575287188;1575287188;-1;-1.0;0
2106;42;215;1602668240;1604127383;1404;14.0;0
1515;15;1104;1575287735;1575287735;-1;-1.0;0
1520;14;1283;1575287819;1571077274;-1;-1.0;0
1524;14;68;1575287830;1575287830;-1;-1.0;0
1525;14;1109;1575287888;1575287888;-1;-1.0;0
1532;14;147;1575287906;1575287906;-1;-1.0;0
1533;14;106;1575287908;1575287908;-1;-1.0;0
1535;14;782;1575287927;1575287926;-1;-1.0;0
1540;14;385;1575287995;1575287995;-1;-1.0;0
1548;14;443;1575288769;1572259717;-1;-1.0;0
1549;14;1405;1575288771;1575288771;-1;-1.0;0
1552;14;1218;1575288858;1575288858;-1;-1.0;0
1556;13;68;1575291689;1575291689;-1;-1.0;0
1557;13;1109;1575291751;1575291751;-1;-1.0;0
1563;13;147;1575291913;1571650772;-1;-1.0;0
1564;13;106;1575291916;1570513251;-1;-1.0;0
1566;13;782;1575291942;1571691164;-1;-1.0;0
1571;13;385;1575292405;1575191119;-1;-1.0;0
1579;13;443;1575293013;1575293013;-1;-1.0;0
1580;13;1405;1575293016;1575293016;-1;-1.0;0
1584;16;1283;1575293180;1575293180;-1;-1.0;0
1588;16;68;1575293190;1575293190;-1;-1.0;0
1589;16;1109;1575293340;1575293340;-1;-1.0;0
1596;16;147;1575293357;1575293357;-1;-1.0;0
1597;16;106;1575293359;1575293359;-1;-1.0;0
1599;16;782;1575293377;1575293377;-1;-1.0;0
1604;16;385;1575293441;1575293441;-1;-1.0;0
1612;16;1002;1575293460;1573210103;-1;-1.0;0
1615;16;443;1575293485;1575293484;-1;-1.0;0
1616;16;1405;1575293487;1575293487;-1;-1.0;0
1620;16;1218;1575293525;1575293525;-1;-1.0;0
1623;17;1283;1575293593;1575293593;-1;-1.0;0
1627;17;68;1575293796;1575293796;-1;-1.0;0
1628;17;1109;1575293831;1575293831;-1;-1.0;0
1634;17;147;1575294713;1575294713;-1;-1.0;0
1635;17;106;1575294927;1575294927;-1;-1.0;0
1637;17;782;1575295011;1575295011;-1;-1.0;0
1641;17;385;1575300288;1575300287;-1;-1.0;0
1649;17;443;1575300769;1575300769;-1;-1.0;0
1650;17;1405;1575300771;1575300771;-1;-1.0;0
1654;17;1218;1575300795;1575300795;-1;-1.0;0
1656;18;1283;1575301070;1575301070;-1;-1.0;0
1658;20;1283;1575303464;1575303464;-1;-1.0;0
1662;20;68;1575303493;1575303493;-1;-1.0;0
1663;20;1109;1575303658;1575303658;-1;-1.0;0
1670;20;147;1575303674;1575303674;-1;-1.0;0
1671;20;106;1575303677;1575303677;-1;-1.0;0
1673;20;782;1575303689;1575303689;-1;-1.0;0
1677;20;385;1575303943;1575303943;-1;-1.0;0
1685;20;443;1575304211;1575304211;-1;-1.0;0
1686;20;1405;1575304214;1575304214;-1;-1.0;0
1696;23;176;1575985508;1580740520;1400;10.0;0
1695;22;176;1575985503;1580228791;1400;25.0;0
1701;30;176;1575985527;1580230923;1400;10.0;0
1699;28;176;1575985520;1580322574;1400;5.0;0
1700;29;176;1575985523;1580324412;1400;10.0;0
1702;31;176;1575985531;1580742268;1400;15.0;0
1698;25;176;1575985516;1580747558;1400;14.0;0
1842;23;1250;1578241811;1580741077;1400;9.0;0
3053;62;1519;1608137116;1610458202;1400;6.0;0
1798;28;468;1577974502;1578737559;1404;5.0;0
1796;30;468;1577970902;1578739801;1404;10.0;0
1841;22;1250;1578241807;1580229304;1400;24.0;0
1843;24;1250;1578241815;1580230319;1400;10.0;0
1844;28;1250;1578242703;1580322744;1400;5.0;0
1845;29;1250;1578242707;1580324695;1400;10.0;0
1925;22;997;1578342603;1578733733;1404;20.0;0
1849;22;314;1578245405;1578734104;1404;20.0;0
1871;24;314;1578311106;1578735888;1404;10.0;0
1914;25;314;1578339906;1578737057;1404;5.0;0
1847;30;1250;1578243603;1580231210;1400;10.0;0
2112;41;1480;1602668251;1604124268;1404;5.0;0
1799;22;468;1577976302;1578733234;1404;25.0;0
1936;23;997;1578348012;1578735261;1404;0.0;0
1941;24;997;1578348912;1578735834;1404;0.0;0
1946;25;997;1578350704;1578736963;1404;10.0;0
1947;28;997;1578351603;1578737738;1404;5.0;0
1949;29;997;1578351608;1578738438;1404;5.0;0
1944;30;997;1578349803;1578739868;1404;10.0;0
1921;30;314;1578341702;1578739904;1404;10.0;0
2117;41;288;1602668261;1604124995;1404;5.0;0
2115;47;1480;1602668257;1604135324;1404;8.0;0
1697;24;176;1575985512;1580230166;1400;10.0;0
1957;32;176;1578920403;1581606077;1400;11.0;0
1965;32;1250;1579359602;1581608212;1400;9.0;0
1959;34;176;1578920412;1582027473;1400;0.0;0
1967;34;1250;1579359611;1582031137;1400;11.0;0
1958;33;176;1578920408;1582032042;1400;10.0;0
1966;33;1250;1579359607;1582032346;1400;0.0;0
1962;37;176;1578920427;1582032990;1400;15.0;0
1970;37;1250;1579359625;1582033192;1400;15.0;0
1960;35;176;1578920416;1582035168;1400;23.0;0
1968;35;1250;1579359616;1582036032;1400;23.0;0
1961;36;176;1578920420;1582039754;1400;25.0;0
1969;36;1250;1579359620;1582040472;1400;21.0;0
3056;56;996;1608159603;1610358320;1400;25.0;0
3057;57;996;1608160502;1610442730;1400;9.0;0
1846;25;1250;1578242711;1580812429;1400;14.0;0
2093;32;1104;1581607631;1581607631;-1;-1.0;0
3059;59;996;1608160507;1610467195;1400;13.0;0
2125;41;1490;1602668288;1604125145;1404;5.0;0
2121;45;288;1602668274;1604132944;1404;15.0;0
2129;45;1490;1602668303;1604133184;1404;15.0;0
2122;46;288;1602668278;1604134671;1404;20.0;0
2130;46;1490;1602668306;1604134896;1404;20.0;0
2123;47;288;1602668282;1604135888;1404;12.0;0
2131;47;1490;1602668310;1604136058;1404;14.0;0
3280;67;1673;1611507602;1612792509;1400;6.0;0
3278;67;1490;1611500402;1612793704;1400;13.0;0
3279;68;1490;1611506702;1613047355;1400;20.0;0
3281;69;1510;1611510302;1613051363;1400;21.0;0
3282;69;1490;1611510318;1613055696;1400;15.0;0
3082;58;1488;1608391802;1610027408;1400;6.0;0
3088;58;1070;1608406210;1610027624;1400;10.0;0
2188;43;1487;1602668451;1603994158;1400;10.0;0
2197;44;269;1602668467;1603995251;1400;4.0;0
2206;44;1487;1602668484;1603995374;1400;9.0;0
2198;45;269;1602668468;1603996238;1400;12.0;0
2207;45;1487;1602668486;1603996336;1400;14.0;0
2199;46;269;1602668470;1603996846;1400;18.0;0
2211;46;1487;1602668492;1603997083;1400;16.0;0
2200;47;269;1602668471;1603997515;1400;5.0;0
2212;47;1487;1602668495;1603997657;1400;7.0;0
2205;39;1078;1602668483;1604122418;1404;6.0;0
2135;39;519;1602668320;1604122446;1404;0.0;0
2214;39;1488;1602668498;1604122691;1404;0.0;0
2146;39;1667;1602668351;1604122823;1404;5.0;0
2143;39;1673;1602668346;1604122874;1404;0.0;0
2208;39;1516;1602668488;1604122900;1404;6.0;0
2148;39;215;1602668354;1604122953;1404;3.0;0
2160;39;94;1602668382;1604123037;1404;6.0;0
2183;39;1067;1602668436;1604123100;1404;6.0;0
2168;39;1191;1602668397;1604123576;1404;3.0;0
2167;39;1517;1602668395;1604123584;1404;6.0;0
2136;41;519;1602668321;1604124123;1404;2.0;0
2215;41;1488;1602668501;1604124314;1404;5.0;0
2144;41;1673;1602668349;1604124592;1404;5.0;0
2209;41;1516;1602668489;1604124608;1404;5.0;0
2134;41;1653;1602668318;1604124766;1404;5.0;0
2164;41;94;1602668388;1604124810;1404;5.0;0
2184;41;1067;1602668437;1604124844;1404;5.0;0
2166;41;1554;1602668392;1604125001;1404;5.0;0
2169;41;1191;1602668399;1604125205;1404;0.0;0
2170;41;1517;1602668402;1604125259;1404;2.0;0
2137;42;519;1602668324;1604126036;1404;11.0;0
2216;42;1488;1602668503;1604126670;1404;12.0;0
2181;45;1191;1602668433;1604133263;1404;15.0;0
2192;46;519;1602668459;1604133717;1404;6.0;0
2191;46;1484;1602668456;1604133906;1404;20.0;0
2220;46;1488;1602668513;1604133948;1404;17.0;0
2156;46;1673;1602668374;1604134253;1404;20.0;0
2141;46;215;1602668340;1604134336;1404;15.0;0
2147;46;1489;1602668353;1604134415;1404;8.0;0
2165;46;94;1602668390;1604134494;1404;5.0;0
2182;46;1191;1602668434;1604134969;1404;4.0;0
2193;47;519;1602668461;1604135220;1404;10.0;0
2221;47;1488;1602668515;1604135402;1404;12.0;0
2157;47;1673;1602668375;1604135500;1404;8.0;0
2149;47;215;1602668358;1604135561;1404;12.0;0
3074;58;1490;1608365702;1610028220;1400;10.0;0
3093;63;1515;1608410702;1610028475;1400;10.0;0
3062;63;996;1608161404;1610028498;1400;10.0;0
3078;63;1490;1608372002;1610029215;1400;10.0;0
3079;56;1515;1608372902;1610358291;1400;23.0;0
3080;56;1488;1608373802;1610358816;1400;16.0;0
3086;56;1070;1608406202;1610360421;1400;24.0;0
3072;56;1490;1608359402;1610362309;1400;23.0;0
3083;57;1515;1608396302;1610442496;1400;3.0;0
3064;57;1639;1608203702;1610443061;1400;10.0;0
3087;57;1070;1608406207;1610443365;1400;10.0;0
3073;57;1490;1608363902;1610446219;1400;9.0;0
3091;61;1515;1608408062;1610446597;1400;1.0;0
3060;61;996;1608161401;1610446613;1400;5.0;0
3076;61;1490;1608368402;1610448473;1400;5.0;0
3092;62;1515;1608408903;1610449243;1400;10.0;0
3061;62;996;1608161403;1610449381;1400;10.0;0
3089;62;1070;1608406213;1610457272;1400;10.0;0
3077;62;1490;1608371102;1610460088;1400;6.0;0
3063;64;996;1608176702;1610461000;1400;15.0;0
3090;64;1070;1608407102;1610461634;1400;3.0;0
3085;59;1515;1608398102;1610466813;1400;10.0;0
3075;59;1490;1608367502;1610535131;1400;12.0;0
3095;66;1729;1608461102;1612790901;1400;10.0;0
3094;65;1729;1608460202;1613058922;1400;8.0;0
3084;58;1515;1608397202;1610025783;1400;8.0;0
3140;58;68;1609416904;1610027368;1400;10.0;0
3003;58;1729;1606308303;1610028132;1400;10.0;0
2735;58;1517;1604934902;1610028276;1400;10.0;0
3041;63;1070;1607876102;1610028726;1400;10.0;0
3054;63;1519;1608137119;1610028900;1400;10.0;0
3228;48;171;1610357177;1610357177;-1;-1.0;0
3174;56;841;1609682402;1610357727;1400;25.0;0
3047;56;1639;1608049802;1610358845;1400;25.0;0
3048;56;1519;1608137102;1610361493;1400;23.0;0
3157;56;1492;1609605062;1610362201;1400;19.0;0
3081;57;1488;1608374703;1610442921;1400;0.0;0
3049;57;1519;1608137104;1610444919;1400;9.0;0
3124;61;176;1609332313;1610446649;1400;5.0;0
3043;61;1070;1607877006;1610446981;1400;5.0;0
3204;62;841;1609707610;1610449227;1400;10.0;0
3055;64;1519;1608137121;1610462474;1400;14.0;0
3178;59;841;1609685103;1610466061;1400;13.0;0
3217;66;1515;1610135102;1612789057;1400;10.0;0
2261;43;1708;1602668597;1603993995;1400;10.0;0
2288;44;1708;1602668653;1603995350;1400;7.0;0
2267;39;1515;1602668608;1604122285;1404;6.0;0
2233;39;1498;1602668537;1604122524;1404;6.0;0
2264;39;1639;1602668604;1604122727;1404;6.0;0
2279;39;1584;1602668627;1604122831;1404;6.0;0
2256;41;1515;1602668585;1604123971;1404;0.0;0
2234;41;1498;1602668538;1604124286;1404;5.0;0
2268;41;1639;1602668609;1604124443;1404;5.0;0
2301;41;1667;1602856802;1604124567;1404;5.0;0
2276;41;1510;1602668622;1604124759;1404;5.0;0
2223;41;1483;1602668519;1604124788;1404;5.0;0
2250;41;1632;1602668568;1604125006;1404;5.0;0
2281;41;1116;1602668631;1604125021;1404;5.0;0
2251;41;1729;1602668569;1604125079;1404;5.0;0
2232;41;1507;1602668533;1604125085;1404;5.0;0
2285;45;1116;1602668643;1604132987;1404;15.0;0
2265;45;1517;1602668605;1604133276;1404;15.0;0
2277;46;1515;1602668624;1604133649;1404;8.0;0
2239;46;1498;1602668545;1604133881;1404;20.0;0
2307;46;1667;1602878402;1604134108;1404;17.0;0
2245;46;1516;1602668557;1604134273;1404;15.0;0
2257;46;1510;1602668586;1604134366;1404;20.0;0
2228;46;1483;1602668526;1604134462;1404;8.0;0
2286;46;1116;1602668647;1604134693;1404;20.0;0
2266;46;1517;1602668607;1604134989;1404;17.0;0
2278;47;1515;1602668625;1604135177;1404;8.0;0
2241;47;1498;1602668551;1604135333;1404;14.0;0
2308;47;1667;1602878404;1604135461;1404;14.0;0
2246;47;1516;1602668558;1604135538;1404;12.0;0
2271;47;1510;1602668614;1604135590;1404;14.0;0
2229;47;1483;1602668527;1604135617;1404;10.0;0
2287;47;1116;1602668650;1604135906;1404;14.0;0
2259;47;1191;1602668592;1604136130;1404;8.0;0
2270;47;1517;1602668613;1604136145;1404;12.0;0
2293;48;1487;1602846002;1606546313;1404;16.0;0
2297;49;1487;1602846013;1606549244;1404;15.0;0
2294;50;1487;1602846005;1606552330;1404;10.0;0
2298;51;1487;1602846016;1606554683;1404;10.0;0
2295;52;1487;1602846008;1606556820;1404;10.0;0
2299;53;1487;1602846018;1606558608;1404;15.0;0
2258;53;1482;1602668588;1606558895;1404;10.0;0
2296;54;1487;1602846011;1606561023;1404;16.0;0
2300;55;1487;1602846021;1606575912;1404;8.0;0
3220;66;1116;1610222402;1612790639;1400;8.0;0
3218;67;1515;1610138702;1612791848;1400;15.0;0
3222;67;1116;1610226902;1612793408;1400;10.0;0
3221;68;1515;1610223302;1612862951;1400;13.0;0
3226;68;1116;1610323202;1612869585;1400;23.0;0
3096;67;1729;1608463802;1613047874;1400;10.0;0
3227;69;1116;1610326802;1613054259;1400;25.0;0
3216;65;1515;1610134202;1613057385;1400;7.0;0
3219;65;1116;1610221502;1613058630;1400;11.0;0
3122;58;176;1609332308;1610027345;1400;10.0;0
3131;58;1584;1609352101;1610027464;1400;7.0;0
2396;43;1633;1603204262;1603994645;1400;8.0;0
2333;39;1482;1603029608;1604122471;1404;6.0;0
2376;39;176;1603195202;1604122493;1404;6.0;0
2397;39;1788;1603206901;1604122839;1404;6.0;0
2363;39;1523;1603127702;1604123080;1404;0.0;0
2356;39;574;1603055702;1604123089;1404;6.0;0
2322;39;1774;1602972902;1604123138;1404;6.0;0
2338;39;232;1603040402;1604123350;1404;6.0;0
2335;39;1440;1603031402;1604123779;1404;6.0;0
2349;39;1782;1603045802;1604123787;1404;6.0;0
2320;41;1078;1602962102;1604124056;1404;3.0;0
2377;41;176;1603195206;1604124213;1404;5.0;0
2364;41;1523;1603129502;1604124815;1404;5.0;0
2310;41;1511;1602930603;1604124866;1404;2.0;0
2323;41;1774;1602974702;1604124987;1404;1.0;0
2339;41;232;1603040404;1604125029;1404;5.0;0
2336;41;1440;1603031406;1604125312;1404;2.0;0
2350;41;1782;1603045804;1604125331;1404;;0
3108;58;1510;1609005602;1610027673;1400;10.0;0
2346;45;232;1603042207;1604133050;1404;12.0;0
2316;45;1729;1602934206;1604133088;1404;15.0;0
2370;45;1507;1603182604;1604133130;1404;15.0;0
2358;45;1782;1603086302;1604133333;1404;15.0;0
2353;46;1078;1603047604;1604133696;1404;20.0;0
2332;46;1482;1603029602;1604133839;1404;17.0;0
2382;46;176;1603195219;1604133849;1404;20.0;0
2368;46;1523;1603136702;1604134525;1404;9.0;0
2314;46;1511;1602933302;1604134573;1404;20.0;0
2319;46;1554;1602941402;1604134681;1404;20.0;0
2347;46;232;1603042209;1604134787;1404;8.0;0
2317;46;1729;1602936002;1604134845;1404;20.0;0
2345;46;1440;1603042204;1604135022;1404;17.0;0
2359;46;1782;1603088102;1604135057;1404;12.0;0
2354;47;1078;1603047608;1604135197;1404;14.0;0
2383;47;176;1603195222;1604135280;1404;14.0;0
2330;47;1484;1603020606;1604135381;1404;6.0;0
2371;47;1489;1603191602;1604135604;1404;12.0;0
2328;47;1511;1603018803;1604135764;1404;14.0;0
2348;47;232;1603042210;1604135938;1404;12.0;0
2318;47;1729;1602936902;1604135956;1404;14.0;0
2360;47;1782;1603089002;1604136187;1404;12.0;0
3116;58;574;1609186501;1610027993;1400;6.0;0
3126;63;176;1609333205;1610028519;1400;10.0;0
3101;63;1488;1608551102;1610028553;1400;0.0;0
3135;63;1584;1609354802;1610028634;1400;5.0;0
3112;63;1510;1609014602;1610028815;1400;8.0;0
3119;63;1489;1609279202;1610028844;1400;8.0;0
3120;56;176;1609332302;1610358441;1400;25.0;0
3128;56;1584;1609343102;1610359042;1400;22.0;0
3106;56;1510;1609000203;1610360461;1400;5.0;0
3129;56;1489;1609349403;1610360864;1400;17.0;0
3114;56;574;1609173902;1610361326;1400;18.0;0
3136;56;294;1609415102;1610362263;1400;22.0;0
3121;57;176;1609332305;1610442779;1400;10.0;0
3130;57;1584;1609350302;1610443151;1400;1.0;0
3107;57;1510;1609004703;1610443403;1400;5.0;0
3115;57;574;1609178402;1610443904;1400;0.0;0
3105;61;1482;1608807606;1610446629;1400;5.0;0
3100;61;1488;1608549302;1610446873;1400;2.0;0
3133;61;1584;1609353902;1610446899;1400;5.0;0
3110;61;1510;1609008302;1610447012;1400;5.0;0
3118;61;1489;1609270202;1610447313;1400;5.0;0
3125;62;176;1609333202;1610449406;1400;10.0;0
3102;62;1488;1608552002;1610449469;1400;0.0;0
3134;62;1584;1609353904;1610456138;1400;5.0;0
3111;62;1510;1609010102;1610457377;1400;7.0;0
3127;64;176;1609333208;1610461079;1400;15.0;0
3113;64;1510;1609074002;1610461948;1400;13.0;0
3123;59;176;1609332310;1610467547;1400;14.0;0
3099;59;1488;1608546602;1610467943;1400;11.0;0
3132;59;1584;1609353003;1610468252;1400;9.0;0
3109;59;1510;1609007402;1610468816;1400;14.0;0
3117;59;1489;1609269302;1610469484;1400;9.0;0
3103;70;1729;1608561902;1612266111;1400;11.0;0
3097;68;1729;1608468302;1613046922;1400;23.0;0
3098;69;1729;1608490802;1613054892;1400;21.0;0
2400;58;1487;1603209608;1610025696;1400;10.0;0
3058;58;996;1608160506;1610025815;1400;10.0;0
3050;58;1519;1608137107;1610028031;1400;10.0;0
3137;58;294;1609416002;1610028202;1400;10.0;0
2404;63;1487;1603209619;1610029324;1400;10.0;0
2398;56;1487;1603209602;1610357698;1400;23.0;0
3138;56;68;1609416004;1610358464;1400;25.0;0
2399;57;1487;1603209605;1610441724;1400;2.0;0
2402;61;1487;1603209613;1610446505;1400;5.0;0
3052;61;1519;1608137112;1610447840;1400;5.0;0
2403;62;1487;1603209616;1610449042;1400;10.0;0
2405;64;1487;1603209621;1610460965;1400;5.0;0
2401;59;1487;1603209610;1610465816;1400;9.0;0
3042;59;1070;1607877002;1610468602;1400;12.0;0
2412;39;996;1603240202;1604122335;1404;6.0;0
2480;39;68;1603530002;1604122510;1404;6.0;0
2413;41;996;1603240206;1604123981;1404;5.0;0
2481;41;68;1603530004;1604124222;1404;5.0;0
2457;41;1584;1603444502;1604124575;1404;5.0;0
2441;41;695;1603404006;1604124751;1404;2.0;0
2469;41;574;1603484102;1604124839;1404;5.0;0
2449;41;1519;1603442703;1604124897;1404;5.0;0
2454;45;1519;1603442709;1604132904;1404;12.0;0
2415;45;1554;1603241102;1604132961;1404;15.0;0
2466;45;1617;1603471502;1604133155;1404;15.0;0
2427;46;996;1603311307;1604133672;1404;20.0;0
2478;46;1584;1603527302;1604134159;1404;17.0;0
2446;46;695;1603404025;1604134359;1404;20.0;0
2410;46;1726;1603225802;1604134502;1404;20.0;0
2455;46;1519;1603443602;1604134615;1404;15.0;0
2439;46;1507;1603392302;1604134852;1404;20.0;0
2467;46;1617;1603472402;1604134874;1404;12.0;0
2428;47;996;1603312203;1604135190;1404;14.0;0
2479;47;1584;1603528202;1604135473;1404;12.0;0
2445;47;695;1603404022;1604135578;1404;8.0;0
2406;47;1523;1603215002;1604135687;1404;12.0;0
2456;47;1519;1603443604;1604135819;1404;6.0;0
2407;47;1554;1603215004;1604135899;1404;14.0;0
2438;47;1617;1603389602;1604136000;1404;14.0;0
2432;48;1673;1603354504;1606547265;1404;12.0;0
2421;48;1517;1603290602;1606548678;1404;16.0;0
2447;49;1673;1603440903;1606549709;1404;6.0;0
2422;49;1517;1603293302;1606551097;1404;15.0;0
2453;50;1673;1603442708;1606553639;1404;10.0;0
2431;50;1517;1603354502;1606554221;1404;10.0;0
2433;51;1517;1603355402;1606556016;1404;8.0;0
2434;52;1517;1603357202;1606558054;1404;7.0;0
2459;53;1673;1603448102;1606559118;1404;10.0;0
2460;53;1517;1603453502;1606560337;1404;15.0;0
2461;54;1517;1603458002;1606574802;1404;16.0;0
2462;55;1517;1603463402;1606578459;1404;7.0;0
3286;70;1673;1611567002;1612265154;1400;10.0;0
3287;70;1489;1611576002;1612265418;1400;15.0;0
3284;70;1554;1611513005;1612265503;1400;15.0;0
3308;70;1835;1611920733;1612265670;1400;15.0;0
3283;70;1490;1611513002;1612265849;1400;13.0;0
3293;65;996;1611791102;1612515894;1400;11.0;0
3294;66;996;1611791106;1612789071;1400;10.0;0
3289;66;1554;1611621002;1612790476;1400;9.0;0
3304;66;1835;1611920705;1612790797;1400;10.0;0
3302;66;1191;1611914402;1612791346;1400;1.0;0
3299;67;996;1611798319;1612791983;1400;16.0;0
3292;67;1639;1611765002;1612792093;1400;16.0;0
3291;67;1584;1611691202;1612792365;1400;12.0;0
3290;67;1554;1611622802;1612793286;1400;16.0;0
3310;68;996;1611966602;1612863502;1400;23.0;0
3306;68;1835;1611920712;1613046839;1400;13.0;0
3305;67;1835;1611920708;1613047665;1400;4.0;0
3313;67;1492;1612011602;1613048023;1400;8.0;0
3311;69;996;1611968402;1613049287;1400;25.0;0
3285;69;1554;1611513008;1613054060;1400;25.0;0
3307;69;1835;1611920718;1613054701;1400;20.0;0
3314;69;1507;1612023302;1613055373;1400;25.0;0
3288;65;1554;1611619203;1613058496;1400;11.0;0
3303;65;1835;1611920702;1613058744;1400;10.0;0
3301;65;1191;1611907202;1613059926;1400;7.0;0
3145;58;1489;1609424102;1610027944;1400;7.0;0
3150;58;1554;1609537512;1610028045;1400;10.0;0
2541;43;978;1603626302;1603994858;1400;7.0;0
2542;44;978;1603626310;1603995802;1400;9.0;0
2543;45;978;1603626319;1603996581;1400;14.0;0
2544;46;978;1603626330;1603997428;1400;17.0;0
2545;47;978;1603626338;1603997873;1400;4.0;0
2519;39;1479;1603618206;1604122574;1404;4.0;0
2547;39;983;1603627202;1604122705;1404;6.0;0
2530;39;123;1603622704;1604122769;1404;6.0;0
2563;39;1104;1603636202;1604122881;1404;6.0;0
2490;39;1607;1603550706;1604123019;1404;0.0;0
2500;39;1799;1603569602;1604123459;1404;3.0;0
2506;39;1022;1603608306;1604123539;1404;6.0;0
2548;39;604;1603630802;1604123554;1404;6.0;0
2520;41;1479;1603618208;1604124297;1404;0.0;0
2531;41;123;1603623602;1604124465;1404;5.0;0
2564;41;1104;1603636205;1604124600;1404;5.0;0
2491;41;1607;1603551603;1604124798;1404;5.0;0
2501;41;1799;1603569604;1604125073;1404;1.0;0
2550;41;604;1603631702;1604125153;1404;5.0;0
2532;42;1482;1603623604;1604126318;1404;12.0;0
2486;45;1774;1603542602;1604132920;1404;15.0;0
2493;45;1799;1603557902;1604133068;1404;12.0;0
2510;45;1022;1603610105;1604133173;1404;15.0;0
2557;45;604;1603633507;1604133222;1404;12.0;0
2551;45;1440;1603631704;1604133309;1404;15.0;0
2487;46;68;1603542606;1604133862;1404;20.0;0
2527;46;1479;1603621802;1604133898;1404;20.0;0
2569;46;1104;1603636219;1604134261;1404;20.0;0
2499;46;574;1603568702;1604134562;1404;8.0;0
2489;46;1774;1603550702;1604134661;1404;17.0;0
2494;46;1799;1603558802;1604134835;1404;20.0;0
2511;46;1022;1603611002;1604134888;1404;15.0;0
2558;46;604;1603634403;1604134911;1404;20.0;0
2538;47;1482;1603625413;1604135254;1404;12.0;0
2488;47;68;1603544402;1604135306;1404;14.0;0
2529;47;1479;1603622702;1604135340;1404;14.0;0
2570;47;1104;1603636221;1604135513;1404;14.0;0
2559;47;94;1603634404;1604135668;1404;6.0;0
2503;47;574;1603570503;1604135731;1404;4.0;0
2497;47;1774;1603564202;1604135868;1404;8.0;0
2496;47;1799;1603559704;1604135948;1404;8.0;0
2534;47;1507;1603625402;1604135976;1404;10.0;0
2512;47;1022;1603611006;1604136015;1404;14.0;0
2554;47;1440;1603633502;1604136175;1404;8.0;0
2505;48;1490;1603608303;1606548605;1404;12.0;0
2513;49;1490;1603613703;1606551072;1404;15.0;0
2514;50;1490;1603614602;1606554183;1404;5.0;0
2515;51;1490;1603616402;1606555938;1404;10.0;0
2528;52;1673;1603621804;1606557396;1404;4.0;0
2518;52;1490;1603618203;1606558027;1404;7.0;0
2521;53;1490;1603619102;1606560245;1404;15.0;0
2495;54;1673;1603559702;1606572840;1404;3.0;0
2516;55;1673;1603617302;1606577402;1404;4.0;0
3158;58;1507;1609605067;1610028145;1400;10.0;0
3164;58;1492;1609619402;1610028187;1400;8.0;0
3167;63;574;1609679704;1610028875;1400;0.0;0
3154;63;1554;1609538405;1610028911;1400;10.0;0
3163;63;1507;1609614002;1610029179;1400;10.0;0
3144;63;294;1609422303;1610029205;1400;10.0;0
3162;56;1523;1609612207;1610361231;1400;11.0;0
3148;56;1554;1609537502;1610361534;1400;23.0;0
3155;56;1507;1609604102;1610362087;1400;25.0;0
3139;57;68;1609416902;1610442900;1400;9.0;0
3149;57;1554;1609537505;1610444958;1400;9.0;0
3156;57;1507;1609604106;1610446155;1400;9.0;0
3166;61;574;1609679702;1610447572;1400;2.0;0
3152;61;1554;1609537518;1610447855;1400;5.0;0
3160;61;1507;1609610403;1610448298;1400;5.0;0
3142;61;294;1609418703;1610448360;1400;5.0;0
3146;62;1489;1609424105;1610457494;1400;0.0;0
3153;62;1554;1609538402;1610458237;1400;9.0;0
3161;62;1507;1609612203;1610459136;1400;10.0;0
3143;62;294;1609421402;1610459779;1400;10.0;0
3147;64;1489;1609426802;1610462219;1400;1.0;0
3165;59;574;1609678802;1610469875;1400;1.0;0
3151;59;1554;1609537515;1610532930;1400;13.0;0
3159;59;1507;1609609502;1610534144;1400;13.0;0
3141;59;294;1609418702;1610534499;1400;14.0;0
3168;65;176;1609680602;1612515908;1400;11.0;0
3169;66;176;1609680605;1612789103;1400;10.0;0
3170;67;176;1609680609;1612792059;1400;15.0;0
3171;68;176;1609680611;1612863589;1400;22.0;0
3104;58;1482;1608807602;1610025842;1400;10.0;0
3051;59;1519;1608137110;1610530834;1400;13.0;0
3190;59;1835;1609703111;1610533541;1400;14.0;0
3173;70;176;1609680618;1612264823;1400;15.0;0
3253;70;886;1610912702;1612264856;1400;15.0;0
2591;43;841;1603645202;1603994456;1400;7.0;0
2593;44;841;1603646102;1603995577;1400;7.0;0
2594;45;841;1603647002;1603996454;1400;13.0;0
2597;46;841;1603647904;1603997191;1400;10.0;0
2585;46;1633;1603639807;1603997231;1400;10.0;0
2605;47;841;1603648810;1603997735;1400;5.0;0
2582;47;1633;1603639802;1603997818;1400;6.0;0
2622;39;1356;1603653373;1604122458;1404;6.0;0
2651;39;443;1603664109;1604122699;1404;6.0;0
2631;39;1156;1603656002;1604122758;1404;0.0;0
2614;39;886;1603651503;1604122778;1404;6.0;0
2577;39;1811;1603638908;1604122852;1404;4.0;0
2600;39;1492;1603648802;1604123534;1404;6.0;0
2654;39;1693;1603665002;1604123560;1404;6.0;0
2621;41;1356;1603653368;1604124134;1404;5.0;0
2652;41;443;1603664111;1604124350;1404;3.0;0
2592;41;983;1603645205;1604124435;1404;0.0;0
2632;41;1156;1603656004;1604124460;1404;5.0;0
2623;41;886;1603653376;1604124474;1404;5.0;0
2578;41;1811;1603638909;1604124587;1404;0.0;0
2601;41;1492;1603648804;1604125100;1404;5.0;0
2617;41;1022;1603652406;1604125138;1404;0.0;0
2655;41;1693;1603665006;1604125158;1404;5.0;0
2620;42;1356;1603653362;1604126177;1404;14.0;0
2659;45;1693;1603665017;1604133236;1404;15.0;0
2624;46;1356;1603653377;1604133793;1404;14.0;0
2628;46;983;1603654202;1604134000;1404;20.0;0
2640;46;1156;1603656911;1604134060;1404;8.0;0
2602;46;123;1603648805;1604134091;1404;17.0;0
2574;46;1811;1603638904;1604134213;1404;2.0;0
2586;46;1607;1603639810;1604134480;1404;17.0;0
2660;46;1693;1603665020;1604134928;1404;17.0;0
2619;47;1356;1603652409;1604135236;1404;12.0;0
2629;47;983;1603655102;1604135432;1404;10.0;0
2634;47;1156;1603656902;1604135438;1404;14.0;0
2606;47;123;1603648812;1604135448;1404;8.0;0
2641;47;886;1603658702;1604135455;1404;14.0;0
2616;47;1811;1603652405;1604135484;1404;0.0;0
2588;47;1607;1603640704;1604135630;1404;10.0;0
2584;47;604;1603639806;1604136070;1404;12.0;0
2661;47;1693;1603665024;1604136083;1404;12.0;0
2613;51;1673;1603650602;1606555305;1404;10.0;0
3249;70;1070;1610828123;1612265187;1400;15.0;0
3258;70;1510;1610998203;1612265216;1400;15.0;0
3243;70;1519;1610627420;1612265472;1400;15.0;0
3262;65;886;1611248402;1612515961;1400;11.0;0
3244;65;1070;1610828102;1612516068;1400;11.0;0
3250;66;886;1610899202;1612789137;1400;10.0;0
3266;66;1584;1611405004;1612789373;1400;3.0;0
3245;66;1070;1610828105;1612789908;1400;10.0;0
3271;66;1673;1611422102;1612789863;1400;8.0;0
3256;66;1510;1610917202;1612790035;1400;9.0;0
3268;66;1489;1611407702;1612790078;1400;8.0;0
3239;66;1519;1610627405;1612790388;1400;6.0;0
3273;66;1507;1611423902;1612790919;1400;10.0;0
3263;67;886;1611250203;1612792155;1400;16.0;0
3246;67;1070;1610828108;1612792607;1400;16.0;0
3257;67;1510;1610996402;1612792658;1400;16.0;0
3269;67;1489;1611410402;1612792748;1400;8.0;0
3251;68;886;1610904602;1612864050;1400;23.0;0
3247;68;1070;1610828114;1612864877;1400;23.0;0
3259;68;1510;1611008102;1612866291;1400;21.0;0
3260;68;1489;1611073802;1612866521;1400;13.0;0
3241;68;1519;1610627410;1612869383;1400;23.0;0
3172;69;176;1609680614;1613049367;1400;25.0;0
3252;69;886;1610910902;1613049511;1400;15.0;0
3264;69;1673;1611311402;1613049632;1400;23.0;0
3248;69;1070;1610828117;1613050944;1400;25.0;0
3261;69;1489;1611246602;1613052438;1400;17.0;0
3242;69;1519;1610627415;1613053781;1400;15.0;0
3265;65;1584;1611405002;1613057676;1400;6.0;0
3267;65;1673;1611405902;1613057690;1400;11.0;0
3255;65;1510;1610914504;1613057898;1400;10.0;0
3270;65;1489;1611417602;1613058060;1400;10.0;0
3238;65;1519;1610627402;1613058482;1400;11.0;0
3272;65;1507;1611423002;1613058954;1400;11.0;0
2612;47;1506;1603649710;1603987547;1400;5.0;0
2669;47;1809;1603987548;1603987548;-1;-1.0;0
2611;46;1506;1603649709;1603987900;1400;9.0;0
2610;45;1506;1603649707;1603988200;1400;15.0;0
2609;44;1506;1603649706;1603988336;1400;5.0;0
2608;43;1506;1603649704;1603988834;1400;8.0;0
2607;42;1506;1603649702;1603989158;1400;16.0;0
2604;41;1506;1603648808;1603989259;1400;5.0;0
2590;39;1506;1603643402;1603989330;1400;6.0;0
2325;39;1509;1603006202;1603989521;1400;6.0;0
2537;39;1133;1603625412;1603989566;1400;6.0;0
2561;41;1133;1603635304;1603989693;1400;5.0;0
2326;41;1509;1603007102;1603989719;1400;5.0;0
2327;42;1509;1603010701;1603990018;1400;14.0;0
2571;42;1133;1603636224;1603990088;1400;11.0;0
2375;43;1509;1603194302;1603990171;1400;14.0;0
2560;43;1133;1603635302;1603990215;1400;15.0;0
2384;44;1509;1603196102;1603990296;1400;8.0;0
2572;44;1133;1603638006;1603990315;1400;9.0;0
2386;45;1509;1603197002;1603990449;1400;12.0;0
2576;45;1133;1603638906;1603990488;1400;6.0;0
2387;46;1509;1603197902;1603990564;1400;20.0;0
2670;46;1133;1603990566;1603990566;-1;-1.0;0
2388;47;1509;1603198802;1603990667;1400;7.0;0
2194;39;269;1602668462;1603990889;1400;0.0;0
2671;39;263;1603990890;1602415627;-1;-1.0;0
2203;39;1708;1602668476;1603990942;1400;6.0;0
2213;39;1487;1602668497;1603990959;1400;6.0;0
2583;39;841;1603639804;1603991045;1400;6.0;0
2096;39;1633;1602668215;1603991081;1400;6.0;0
2361;39;1493;1603107902;1603991097;1400;6.0;0
2108;39;1577;1602668246;1603991246;1400;5.0;0
2536;39;978;1603625407;1603991314;1400;6.0;0
2195;41;269;1602668464;1603991523;1400;5.0;0
2204;41;1708;1602668479;1603991536;1400;5.0;0
2186;41;1487;1602668447;1603991669;1400;4.0;0
2587;41;841;1603640702;1603991729;1400;5.0;0
2153;41;1633;1602668370;1603991745;1400;5.0;0
2109;41;1577;1602668247;1603991756;1400;5.0;0
2539;41;978;1603625416;1603991776;1400;5.0;0
2201;42;269;1602668472;1603992119;1400;14.0;0
2260;42;1708;1602668593;1603992167;1400;16.0;0
2187;42;1487;1602668448;1603992449;1400;16.0;0
2589;42;841;1603642502;1603992797;1400;16.0;0
2369;42;1633;1603181702;1603993054;1400;13.0;0
2110;42;1577;1602668249;1603993224;1400;15.0;0
2540;42;978;1603625422;1603993458;1400;11.0;0
2196;43;269;1602668465;1603993787;1400;5.0;0
2672;43;263;1603993788;1603993788;-1;-1.0;0
2463;44;1633;1603467002;1603995771;1400;9.0;0
2289;45;1708;1602668656;1603996293;1400;14.0;0
2464;45;1633;1603468862;1603996522;1400;14.0;0
2673;46;263;1603996847;1603996847;-1;-1.0;0
2291;46;1708;1602668661;1603996920;1400;20.0;0
2292;47;1708;1602668666;1603997624;1400;4.0;0
2111;39;1480;1602668250;1604122516;1404;6.0;0
2100;39;1484;1602668224;1604122609;1404;4.0;0
2664;39;1635;1603669502;1604122797;1404;6.0;0
2440;39;695;1603404002;1604122963;1404;6.0;0
2275;39;1510;1602668620;1604122976;1404;6.0;0
2107;39;1653;1602668244;1604122982;1404;6.0;0
2098;39;1489;1602668221;1604122991;1404;6.0;0
2222;39;1483;1602668517;1604122998;1404;6.0;0
2423;39;1726;1603302302;1604123050;1404;6.0;0
2309;39;1511;1602928802;1604123108;1404;6.0;0
2448;39;1519;1603441802;1604123124;1404;6.0;0
2116;39;288;1602668258;1604123148;1404;6.0;0
2097;39;1554;1602668217;1604123223;1404;4.0;0
2247;39;1632;1602668559;1604123257;1404;3.0;0
2280;39;1116;1602668628;1604123264;1404;6.0;0
2248;39;1729;1602668561;1604123500;1404;3.0;0
2230;39;1507;1602668529;1604123506;1404;6.0;0
2435;39;1617;1603385102;1604123516;1404;6.0;0
2124;39;1490;1602668285;1604123547;1404;6.0;0
2101;41;1484;1602668227;1604124303;1404;5.0;0
2665;41;1635;1603670402;1604124480;1404;5.0;0
2663;46;443;1603666803;1604133976;1404;14.0;0
2674;48;1584;1604044803;1606547202;1404;12.0;0
2667;48;1191;1603719962;1606548666;1404;4.0;0
2676;49;1515;1604096102;1606549558;1404;0.0;0
2675;49;1584;1604045702;1606549680;1404;15.0;0
3175;62;574;1609682406;1610457731;1400;0.0;0
2105;41;215;1602668236;1604124618;1404;5.0;0
2099;41;1489;1602668222;1604124778;1404;5.0;0
2436;41;1617;1603385103;1604125090;1404;5.0;0
2272;42;1515;1602668615;1604125722;1404;14.0;0
2414;42;996;1603240208;1604125793;1404;14.0;0
2321;42;1078;1602967501;1604125884;1404;16.0;0
2378;42;176;1603195208;1604126386;1404;16.0;0
2482;42;68;1603532702;1604126423;1404;16.0;0
2113;42;1480;1602668253;1604126475;1404;12.0;0
2235;42;1498;1602668540;1604126501;1404;14.0;0
2522;42;1479;1603619105;1604126546;1404;16.0;0
2102;42;1484;1602668230;1604126589;1404;14.0;0
2653;42;443;1603664114;1604126759;1404;16.0;0
2596;42;983;1603647902;1604126780;1404;12.0;0
2351;42;1639;1603045806;1604126852;1404;16.0;0
2635;42;1156;1603656904;1604126930;1404;14.0;0
2546;42;123;1603626342;1604126982;1404;14.0;0
2639;42;886;1603656910;1604126999;1404;16.0;0
2303;42;1667;1602868502;1604127071;1404;14.0;0
2474;42;1584;1603524602;1604127125;1404;12.0;0
2579;42;1811;1603638910;1604127195;1404;16.0;0
2145;42;1673;1602668350;1604127216;1404;16.0;0
2565;42;1104;1603636207;1604127279;1404;16.0;0
2210;42;1516;1602668491;1604127326;1404;16.0;0
2442;42;695;1603404009;1604127424;1404;16.0;0
2231;42;1510;1602668532;1604127465;1404;16.0;0
2142;42;1653;1602668344;1604127492;1404;14.0;0
2103;42;1489;1602668233;1604127520;1404;16.0;0
2224;42;1483;1602668520;1604127550;1404;16.0;0
2492;42;1607;1603553402;1604127575;1404;16.0;0
2161;42;94;1602668384;1604127597;1404;16.0;0
2429;42;1726;1603313102;1604127624;1404;16.0;0
2365;42;1523;1603131302;1604127658;1404;12.0;0
2471;42;574;1603488662;1604127686;1404;14.0;0
2202;42;1067;1602668474;1604127711;1404;14.0;0
2311;42;1511;1602930606;1604127728;1404;16.0;0
2450;42;1519;1603442704;1604127794;1404;14.0;0
2324;42;1774;1602981902;1604127815;1404;16.0;0
2118;42;288;1602668264;1604127841;1404;16.0;0
2185;42;1554;1602668439;1604127868;1404;16.0;0
2290;42;1632;1602668660;1604127903;1404;13.0;0
2282;42;1116;1602668634;1604127921;1404;16.0;0
2340;42;232;1603041302;1604127997;1404;14.0;0
2502;42;1799;1603569605;1604128057;1404;16.0;0
2252;42;1729;1602668573;1604128091;1404;16.0;0
2240;42;1507;1602668547;1604128122;1404;14.0;0
2437;42;1617;1603387803;1604128145;1404;16.0;0
2642;42;1492;1603658704;1604128210;1404;13.0;0
2507;42;1022;1603609202;1604128236;1404;16.0;0
2126;42;1490;1602668292;1604128251;1404;16.0;0
2552;42;604;1603632602;1604128281;1404;10.0;0
2656;42;1693;1603665008;1604128298;1404;16.0;0
2171;42;1191;1602668404;1604128323;1404;14.0;0
2172;42;1517;1602668405;1604128342;1404;16.0;0
2525;42;1440;1603620904;1604128389;1404;12.0;0
2352;42;1782;1603047602;1604128409;1404;16.0;0
2269;43;1515;1602668611;1604128559;1404;15.0;0
2424;43;996;1603311302;1604128576;1404;15.0;0
2343;43;1078;1603041306;1604128598;1404;15.0;0
2152;43;519;1602668368;1604128646;1404;10.0;0
2627;43;1356;1603653382;1604128689;1404;15.0;0
2379;43;176;1603195211;1604128722;1404;15.0;0
2483;43;68;1603533602;1604128740;1404;15.0;0
2114;43;1480;1602668255;1604128765;1404;15.0;0
2236;43;1498;1602668541;1604128790;1404;15.0;0
2523;43;1479;1603620002;1604128854;1404;12.0;0
2138;43;1484;1602668330;1604128868;1404;15.0;0
2217;43;1488;1602668505;1604128900;1404;15.0;0
2649;43;443;1603664102;1604129052;1404;11.0;0
2598;43;983;1603647905;1604129082;1404;12.0;0
2468;43;1639;1603479602;1604129098;1404;15.0;0
2636;43;1156;1603656906;1604129123;1404;15.0;0
2595;43;123;1603647004;1604129161;1404;10.0;0
2633;43;886;1603656006;1604129191;1404;13.0;0
2304;43;1667;1602870302;1604129218;1404;15.0;0
2475;43;1584;1603524604;1604129242;1404;15.0;0
2580;43;1811;1603638912;1604129299;1404;13.0;0
2154;43;1673;1602668371;1604129338;1404;7.0;0
2566;43;1104;1603636211;1604129357;1404;15.0;0
2242;43;1516;1602668552;1604129369;1404;15.0;0
2133;43;215;1602668314;1604129392;1404;15.0;0
2443;43;695;1603404013;1604129450;1404;12.0;0
2253;43;1510;1602668580;1604129470;1404;15.0;0
2517;43;1653;1603617304;1604129505;1404;15.0;0
2104;43;1489;1602668234;1604129523;1404;12.0;0
2225;43;1483;1602668522;1604129538;1404;12.0;0
2562;43;1607;1603635306;1604129557;1404;15.0;0
2162;43;94;1602668386;1604129575;1404;10.0;0
2366;43;1523;1603134002;1604129628;1404;7.0;0
2472;43;574;1603490402;1604129654;1404;15.0;0
2312;43;1511;1602931502;1604129693;1404;15.0;0
2451;43;1519;1603442706;1604129743;1404;15.0;0
2331;43;1774;1603022403;1604129771;1404;15.0;0
2119;43;288;1602668268;1604129786;1404;15.0;0
2408;43;1554;1603216802;1604129816;1404;15.0;0
2283;43;1116;1602668637;1604129830;1404;15.0;0
2341;43;232;1603041304;1604129874;1404;10.0;0
2504;43;1799;1603570504;1604129897;1404;10.0;0
2302;43;1729;1602857702;1604129932;1404;15.0;0
2249;43;1507;1602668564;1604129949;1404;15.0;0
2465;43;1617;1603469703;1604129969;1404;15.0;0
2643;43;1492;1603660502;1604130007;1404;15.0;0
2508;43;1022;1603610102;1604130091;1404;10.0;0
2127;43;1490;1602668296;1604130103;1404;15.0;0
2553;43;604;1603632604;1604130118;1404;15.0;0
2657;43;1693;1603665012;1604130130;1404;15.0;0
2179;43;1191;1602668430;1604130161;1404;15.0;0
2262;43;1517;1602668600;1604130186;1404;15.0;0
2549;43;1440;1603630804;1604130232;1404;10.0;0
2355;43;1782;1603048502;1604130256;1404;12.0;0
2273;44;1515;1602668617;1604130353;1404;9.0;0
2425;44;996;1603311304;1604130364;1404;9.0;0
2344;44;1078;1603042203;1604130381;1404;9.0;0
2189;44;519;1602668453;1604130396;1404;9.0;0
2626;44;1356;1603653380;1604130409;1404;9.0;0
2533;44;1482;1603624502;1604130419;1404;3.0;0
2380;44;176;1603195213;1604130427;1404;9.0;0
2484;44;68;1603535402;1604130440;1404;9.0;0
2132;44;1480;1602668313;1604130465;1404;3.0;0
2237;44;1498;1602668543;1604130590;1404;6.0;0
2524;44;1479;1603620902;1604130605;1404;9.0;0
2218;44;1488;1602668508;1604130621;1404;3.0;0
2650;44;443;1603664105;1604130634;1404;9.0;0
2603;44;983;1603648807;1604130652;1404;9.0;0
2470;44;1639;1603487702;1604130664;1404;9.0;0
2637;44;1156;1603656907;1604130672;1404;9.0;0
2630;44;886;1603655104;1604130686;1404;9.0;0
2305;44;1667;1602876602;1604130697;1404;9.0;0
2476;44;1584;1603525504;1604130715;1404;9.0;0
2581;44;1811;1603638913;1604130723;1404;9.0;0
2159;44;1673;1602668381;1604130732;1404;9.0;0
2567;44;1104;1603636213;1604130742;1404;9.0;0
2243;44;1516;1602668554;1604130749;1404;9.0;0
2139;44;215;1602668332;1604130758;1404;9.0;0
2254;44;1510;1602668582;1604130769;1404;9.0;0
2535;44;1653;1603625406;1604130786;1404;3.0;0
2385;44;1489;1603196106;1604130796;1404;9.0;0
2226;44;1483;1602668523;1604130806;1404;9.0;0
2163;44;94;1602668387;1604130813;1404;9.0;0
2409;44;1523;1603219502;1604130822;1404;9.0;0
2473;44;574;1603493102;1604130830;1404;9.0;0
2313;44;1511;1602932402;1604130839;1404;9.0;0
2452;44;1519;1603442707;1604130875;1404;9.0;0
2337;44;1774;1603035901;1604130888;1404;9.0;0
2120;44;288;1602668271;1604130896;1404;9.0;0
2458;44;1554;1603447203;1604130921;1404;9.0;0
2284;44;1116;1602668640;1604130928;1404;9.0;0
2342;44;232;1603041305;1604130945;1404;9.0;0
2362;44;1507;1603123202;1604130957;1404;9.0;0
2648;44;1492;1603661402;1604130972;1404;6.0;0
2509;44;1022;1603610103;1604130989;1404;9.0;0
2128;44;1490;1602668299;1604130996;1404;9.0;0
2556;44;604;1603633506;1604131012;1404;9.0;0
2658;44;1693;1603665015;1604131022;1404;9.0;0
2180;44;1191;1602668431;1604131031;1404;9.0;0
2263;44;1517;1602668602;1604131043;1404;6.0;0
2357;44;1782;1603085402;1604131054;1404;9.0;0
2274;45;1515;1602668619;1604131296;1404;15.0;0
2426;45;996;1603311305;1604131316;1404;15.0;0
2420;45;1078;1603277101;1604131355;1404;15.0;0
2190;45;519;1602668454;1604131403;1404;15.0;0
2625;45;1356;1603653379;1604131445;1404;12.0;0
2334;45;1482;1603030501;1604131480;1404;15.0;0
2381;45;176;1603195216;1604131508;1404;15.0;0
2485;45;68;1603539002;1604131537;1404;15.0;0
2238;45;1498;1602668544;1604131581;1404;12.0;0
2526;45;1479;1603620907;1604131605;1404;12.0;0
2329;45;1484;1603020602;1604132056;1404;15.0;0
2219;45;1488;1602668510;1604132085;1404;12.0;0
2662;45;443;1603665902;1604132109;1404;15.0;0
2615;45;983;1603652403;1604132164;1404;10.0;0
2638;45;1156;1603656909;1604132192;1404;15.0;0
2599;45;123;1603647906;1604132214;1404;12.0;0
2618;45;886;1603652408;1604132239;1404;15.0;0
2306;45;1667;1602876604;1604132261;1404;15.0;0
2477;45;1584;1603526402;1604132304;1404;15.0;0
2573;45;1811;1603638902;1604132344;1404;12.0;0
2155;45;1673;1602668372;1604132368;1404;15.0;0
2568;45;1104;1603636216;1604132399;1404;15.0;0
2244;45;1516;1602668555;1604132419;1404;15.0;0
2140;45;215;1602668336;1604132431;1404;15.0;0
2444;45;695;1603404017;1604132474;1404;12.0;0
2255;45;1510;1602668583;1604132581;1404;15.0;0
2150;45;1489;1602668362;1604132609;1404;15.0;0
2227;45;1483;1602668524;1604132642;1404;15.0;0
2575;45;1607;1603638905;1604132664;1404;15.0;0
2555;45;94;1603633505;1604132705;1404;9.0;0
2411;45;1726;1603227602;1604132726;1404;15.0;0
2367;45;1523;1603134902;1604132745;1404;15.0;0
2498;45;574;1603567802;1604132795;1404;12.0;0
2315;45;1511;1602934202;1604132824;1404;15.0;0
2739;63;1517;1604942101;1610029285;1400;10.0;0
2713;56;1517;1604678416;1610362494;1400;25.0;0
2684;48;1515;1604265302;1606546755;1404;8.0;0
2725;48;1488;1604762102;1606546986;1404;16.0;0
2686;48;1788;1604313902;1606547246;1404;10.0;0
2726;48;1104;1604774702;1606547302;1404;16.0;0
2688;48;1489;1604332802;1606547501;1404;12.0;0
2696;48;1483;1604608202;1606547522;1404;16.0;0
2707;48;288;1604677502;1606548172;1404;12.0;0
2733;48;1799;1604854802;1606548327;1404;12.0;0
2695;48;1729;1604605502;1606548376;1404;14.0;0
2692;48;294;1604340002;1606548527;1404;16.0;0
2728;49;1104;1604829602;1606549720;1404;15.0;0
2689;49;1489;1604334602;1606549780;1404;15.0;0
2697;49;1483;1604608204;1606549789;1404;15.0;0
2708;49;288;1604678402;1606550902;1404;15.0;0
2734;49;1799;1604858402;1606550946;1404;15.0;0
2714;49;1729;1604682902;1606551004;1404;6.0;0
2685;49;1191;1604297702;1606551087;1404;15.0;0
2679;50;1515;1604179802;1606552724;1404;10.0;0
2729;50;1104;1604831402;1606553650;1404;10.0;0
2698;50;1483;1604609102;1606553739;1404;10.0;0
2709;50;288;1604678405;1606553865;1404;10.0;0
2693;50;294;1604340903;1606554090;1404;10.0;0
2694;50;1191;1604556902;1606554210;1404;0.0;0
2727;51;1515;1604782802;1606554935;1404;10.0;0
2730;51;1104;1604833202;1606555314;1404;10.0;0
2690;51;1489;1604336402;1606555365;1404;10.0;0
2699;51;1483;1604609103;1606555383;1404;10.0;0
2704;51;1191;1604655902;1606555979;1404;5.0;0
2681;52;1515;1604229303;1606557115;1404;10.0;0
2731;52;1104;1604842202;1606557403;1404;10.0;0
2691;52;1489;1604337302;1606557461;1404;10.0;0
2700;52;1483;1604610002;1606557467;1404;10.0;0
2721;52;1729;1604698202;1606557921;1404;4.0;0
2705;52;1191;1604657702;1606558043;1404;7.0;0
2680;53;1515;1604219402;1606558782;1404;7.0;0
2732;53;1104;1604845802;1606559138;1404;15.0;0
2687;53;1489;1604330102;1606559399;1404;7.0;0
2701;53;1483;1604610902;1606559418;1404;15.0;0
2710;53;288;1604678408;1606559755;1404;15.0;0
2722;53;1729;1604736002;1606560077;1404;12.0;0
2682;54;1515;1604232002;1606561385;1404;16.0;0
2702;54;1483;1604611803;1606573332;1404;16.0;0
2711;54;288;1604678411;1606573571;1404;13.0;0
2723;54;1729;1604745002;1606574457;1404;8.0;0
2683;55;1515;1604240102;1606576335;1404;3.0;0
2703;55;1483;1604612702;1606577599;1404;3.0;0
2712;55;288;1604678413;1606577796;1404;8.0;0
2724;55;1729;1604745901;1606577938;1404;4.0;0
2737;61;1517;1604937602;1610448547;1400;5.0;0
2738;62;1517;1604941262;1610460240;1400;5.0;0
3176;64;574;1609684202;1610462268;1400;0.0;0
2740;64;1517;1604945702;1610463462;1400;5.0;0
2736;59;1517;1604936702;1610535922;1400;9.0;0
2720;70;1487;1604686506;1612264518;1400;14.0;0
2715;65;1487;1604685602;1612515838;1400;11.0;0
2716;66;1487;1604685605;1612789037;1400;7.0;0
2717;67;1487;1604685608;1612791782;1400;16.0;0
2718;68;1487;1604685611;1612862496;1400;23.0;0
2719;69;1487;1604686502;1613049194;1400;21.0;0
2791;48;1633;1605342602;1606546540;1404;12.0;0
2808;48;1356;1605465002;1606546863;1404;4.0;0
2758;48;176;1605101402;1606546882;1404;16.0;0
2800;48;68;1605434402;1606546895;1404;16.0;0
2819;48;1070;1605524402;1606547317;1404;16.0;0
2797;48;1510;1605393002;1606547484;1404;14.0;0
2825;48;1726;1605543302;1606547577;1404;10.0;0
2755;48;519;1605096002;1606548087;1404;6.0;0
2748;48;1554;1605062702;1606548212;1404;16.0;0
2814;48;1116;1605482102;1606548224;1404;16.0;0
2747;48;1835;1605019502;1606548280;1404;12.0;0
2742;49;1708;1604988002;1606549234;1404;6.0;0
2809;49;1356;1605475802;1606549582;1404;15.0;0
2759;49;176;1605101405;1606549590;1404;15.0;0
2801;49;68;1605435302;1606549598;1404;15.0;0
2793;49;1488;1605363302;1606549625;1404;15.0;0
2828;49;1070;1605555002;1606549731;1404;15.0;0
2806;49;1510;1605443402;1606549759;1404;15.0;0
2749;49;1554;1605062706;1606550912;1404;15.0;0
2815;49;1116;1605483002;1606550920;1404;15.0;0
2752;49;1835;1605083402;1606550928;1404;15.0;0
2743;50;1708;1604988902;1606552315;1404;10.0;0
2813;50;1356;1605481202;1606552789;1404;10.0;0
2760;50;176;1605101408;1606552821;1404;10.0;0
2802;50;68;1605435304;1606552831;1404;10.0;0
2794;50;1488;1605364202;1606552863;1404;10.0;0
2829;50;1070;1605555004;1606553690;1404;10.0;0
2807;50;1510;1605443404;1606553711;1404;10.0;0
2750;50;1554;1605062708;1606553930;1404;10.0;0
2816;50;1116;1605483006;1606553944;1404;10.0;0
2753;50;1835;1605085202;1606553989;1404;10.0;0
2744;51;1708;1604994302;1606554666;1404;10.0;0
2761;51;176;1605101410;1606554963;1404;10.0;0
2803;51;68;1605436202;1606554975;1404;10.0;0
2795;51;1488;1605365101;1606555057;1404;0.0;0
2798;51;1584;1605429902;1606555296;1404;0.0;0
2822;51;1510;1605539702;1606555350;1404;10.0;0
2772;51;288;1605181502;1606555791;1404;10.0;0
2751;51;1554;1605062711;1606555811;1404;10.0;0
2817;51;1116;1605483901;1606555818;1404;10.0;0
2754;51;1835;1605088802;1606555827;1404;10.0;0
2745;52;1708;1604999702;1606556811;1404;5.0;0
2804;52;68;1605437162;1606557226;1404;10.0;0
2796;52;1488;1605366002;1606557279;1404;7.0;0
2799;52;1584;1605430802;1606557364;1404;5.0;0
2823;52;1510;1605540662;1606557454;1404;10.0;0
2773;52;288;1605181506;1606557608;1404;10.0;0
2775;52;1554;1605213902;1606557687;1404;7.0;0
2818;52;1116;1605486602;1606557705;1404;10.0;0
2756;52;1835;1605096902;1606557755;1404;10.0;0
2746;53;1708;1605001502;1606558587;1404;10.0;0
2763;53;176;1605101414;1606558929;1404;15.0;0
2805;53;68;1605437164;1606558947;1404;15.0;0
2792;53;1488;1605359702;1606558992;1404;15.0;0
2824;53;1510;1605542402;1606559215;1404;15.0;0
2757;53;1835;1605098702;1606560019;1404;15.0;0
2770;54;1708;1605158102;1606561005;1404;9.0;0
2764;54;176;1605101418;1606572517;1404;16.0;0
2767;54;1104;1605105002;1606572901;1404;16.0;0
2826;54;1510;1605544202;1606573214;1404;16.0;0
2766;54;1835;1605101422;1606573854;1404;16.0;0
2789;54;1191;1605249002;1606574721;1404;11.0;0
2771;55;1708;1605159903;1606575888;1404;3.0;0
2765;55;176;1605101420;1606576502;1404;6.0;0
2821;55;1488;1605535202;1606576819;1404;4.0;0
2768;55;1104;1605113102;1606577428;1404;8.0;0
2769;55;1835;1605117602;1606577898;1404;8.0;0
2790;55;1191;1605255302;1606578250;1404;3.0;0
2895;70;1517;1605887102;1612265897;1400;15.0;0
2863;66;1517;1605713403;1612791602;1400;8.0;0
2890;68;1517;1605876303;1613047398;1400;23.0;0
2900;48;1484;1605958202;1606546936;1404;12.0;0
2877;48;695;1605813302;1606547436;1404;14.0;0
2858;48;1523;1605699902;1606547591;1404;16.0;0
2869;48;1519;1605801602;1606548116;1404;8.0;0
2909;48;1507;1605975302;1606548414;1404;12.0;0
2903;48;1492;1605963601;1606548518;1404;16.0;0
2898;49;1633;1605947462;1606549303;1404;15.0;0
2845;49;996;1605652205;1606549569;1404;15.0;0
2878;49;695;1605813307;1606549744;1404;15.0;0
2859;49;1523;1605704402;1606549799;1404;15.0;0
2870;49;1519;1605801605;1606550877;1404;15.0;0
2910;49;1507;1605977102;1606551012;1404;15.0;0
2899;50;1633;1605950101;1606552447;1404;10.0;0
2846;50;996;1605654002;1606552738;1404;10.0;0
2879;50;695;1605813311;1606553701;1404;10.0;0
2865;50;1489;1605716104;1606553719;1404;10.0;0
2866;50;1523;1605780004;1606553751;1404;10.0;0
2907;50;1799;1605969902;1606554043;1404;10.0;0
2911;50;1507;1605978005;1606554050;1404;10.0;0
2902;51;1633;1605959105;1606554830;1404;0.0;0
2847;51;996;1605654004;1606554943;1404;10.0;0
2830;51;1070;1605555902;1606555323;1404;10.0;0
2880;51;695;1605813315;1606555335;1404;10.0;0
2872;51;1519;1605801610;1606555783;1404;10.0;0
2916;51;1507;1605981605;1606555835;1404;10.0;0
2917;51;294;1605983402;1606555928;1404;10.0;0
2904;52;1633;1605964502;1606556966;1404;2.0;0
2848;52;996;1605654902;1606557208;1404;5.0;0
2831;52;1070;1605556802;1606557421;1404;7.0;0
2881;52;695;1605813319;1606557445;1404;10.0;0
2867;52;1523;1605785402;1606557551;1404;0.0;0
2873;52;1519;1605801613;1606557601;1404;7.0;0
2913;52;294;1605979802;1606558017;1404;7.0;0
2849;53;996;1605654906;1606558801;1404;15.0;0
2885;53;1356;1605824102;1606558836;1404;7.0;0
2901;53;1484;1605959102;1606558982;1404;7.0;0
2832;53;1070;1605557702;1606559159;1404;15.0;0
2882;53;695;1605813323;1606559191;1404;10.0;0
2860;53;1523;1605708002;1606559471;1404;5.0;0
2874;53;1519;1605801615;1606559707;1404;15.0;0
2853;53;1554;1605659404;1606559769;1404;15.0;0
2833;53;1116;1605566701;1606559824;1404;15.0;0
2915;53;294;1605981602;1606560232;1404;12.0;0
2850;54;996;1605655802;1606561433;1404;16.0;0
2886;54;1356;1605827702;1606561664;1404;13.0;0
2841;54;68;1605625202;1606572560;1404;16.0;0
2906;54;1484;1605969002;1606572597;1404;16.0;0
2856;54;1488;1605672002;1606572695;1404;4.0;0
2857;54;1584;1605695402;1606572802;1404;11.0;0
2839;54;1070;1605610802;1606572936;1404;16.0;0
2883;54;695;1605813328;1606573141;1404;8.0;0
2843;54;1489;1605641402;1606573287;1404;11.0;0
2868;54;1523;1605786302;1606573344;1404;3.0;0
2875;54;1519;1605801618;1606573496;1404;16.0;0
2854;54;1554;1605659407;1606573645;1404;16.0;0
2836;54;1116;1605571204;1606573708;1404;16.0;0
2912;54;294;1605978904;1606574570;1404;14.0;0
2851;55;996;1605655806;1606576394;1404;8.0;0
2897;55;1356;1605906902;1606576410;1404;3.0;0
2842;55;68;1605627003;1606576623;1404;8.0;0
2905;55;1484;1605965402;1606576646;1404;2.0;0
2864;55;1584;1605716102;1606577215;1404;3.0;0
2840;55;1070;1605611701;1606577491;1404;8.0;0
2884;55;695;1605813331;1606577526;1404;4.0;0
2862;55;1489;1605711605;1606577586;1404;4.0;0
2887;55;1523;1605864602;1606577628;1404;3.0;0
2876;55;1519;1605802502;1606577784;1404;7.0;0
2896;55;1554;1605889802;1606577853;1404;7.0;0
2837;55;1116;1605572102;1606577865;1404;8.0;0
2914;55;294;1605980701;1606578102;1404;4.0;0
2888;67;1517;1605873602;1613048095;1400;10.0;0
2894;69;1517;1605884402;1613056163;1400;22.0;0
2861;65;1517;1605711603;1613060049;1400;11.0;0
3001;56;519;1606122902;1610358414;1400;0.0;0
3002;56;1729;1606231862;1610362070;1400;22.0;0
3179;61;841;1609685106;1610446520;1400;5.0;0
2953;48;841;1606050904;1606546330;1404;16.0;0
2933;48;978;1606040102;1606546621;1404;0.0;0
2944;48;1214;1606041914;1606546411;1404;8.0;0
2992;48;443;1606081502;1606547021;1404;10.0;0
2955;48;1639;1606059905;1606547044;1404;16.0;0
2959;48;886;1606069802;1606547090;1404;16.0;0
3000;48;215;1606094102;1606547396;1404;6.0;0
2960;48;574;1606070702;1606547641;1404;0.0;0
2924;48;1693;1605997862;1606548615;1404;16.0;0
2971;49;1506;1606076102;1606548984;1404;15.0;0
2983;49;841;1606078864;1606549259;1404;15.0;0
2945;49;1214;1606041923;1606549276;1404;15.0;0
2934;49;978;1606040112;1606549389;1404;6.0;0
2994;49;443;1606082402;1606549636;1404;15.0;0
2964;49;1639;1606072507;1606549646;1404;15.0;0
2968;49;574;1606074365;1606549872;1404;0.0;0
2918;49;294;1605983404;1606551039;1404;15.0;0
2925;49;1693;1605997865;1606551079;1404;15.0;0
2972;50;1506;1606076104;1606552253;1404;10.0;0
2985;50;841;1606079702;1606552356;1404;5.0;0
2946;50;1214;1606041934;1606552428;1404;10.0;0
2936;50;978;1606040128;1606552679;1404;7.0;0
2997;50;443;1606084205;1606552913;1404;10.0;0
2975;50;1639;1606076108;1606552940;1404;10.0;0
2984;50;574;1606078867;1606553788;1404;10.0;0
2922;50;1492;1605989702;1606554063;1404;10.0;0
2926;50;1693;1605997868;1606554190;1404;10.0;0
2987;51;841;1606079707;1606554705;1404;10.0;0
2947;51;1214;1606041943;1606554726;1404;10.0;0
2937;51;978;1606041002;1606554924;1404;2.0;0
2999;51;443;1606086003;1606555195;1404;0.0;0
2982;51;1639;1606077905;1606555268;1404;10.0;0
2990;51;574;1606080606;1606555396;1404;0.0;0
2923;51;1492;1605994202;1606555902;1404;5.0;0
2927;51;1693;1605997870;1606555945;1404;10.0;0
2973;52;1506;1606076105;1606556743;1404;10.0;0
2977;52;841;1606076110;1606556830;1404;10.0;0
2938;52;978;1606041020;1606557103;1404;2.0;0
2986;52;1639;1606079705;1606557318;1404;10.0;0
2969;52;886;1606074367;1606557325;1404;10.0;0
2993;52;574;1606081504;1606557569;1404;7.0;0
2919;52;1507;1605983405;1606557928;1404;10.0;0
2943;52;1492;1606041913;1606558006;1404;4.0;0
2928;52;1693;1605998702;1606558035;1404;7.0;0
2974;53;1506;1606076106;1606558560;1404;15.0;0
2957;53;841;1606068002;1606558626;1404;15.0;0
2950;53;1214;1606042803;1606558678;1404;12.0;0
2932;53;1633;1606036502;1606558695;1404;15.0;0
2939;53;978;1606041031;1606558758;1404;7.0;0
2991;53;1639;1606080607;1606559009;1404;15.0;0
2961;53;886;1606071602;1606559031;1404;15.0;0
2995;53;574;1606083302;1606559607;1404;5.0;0
2920;53;1507;1605985202;1606560137;1404;15.0;0
2951;53;1492;1606045502;1606560187;1404;12.0;0
2929;53;1693;1605998705;1606560267;1404;15.0;0
2978;54;1506;1606077004;1606560803;1404;6.0;0
2958;54;841;1606068902;1606561044;1404;16.0;0
2949;54;1214;1606041961;1606561137;1404;16.0;0
2935;54;1633;1606040127;1606561175;1404;16.0;0
2966;54;886;1606073402;1606572755;1404;8.0;0
2998;54;574;1606085102;1606573403;1404;5.0;0
2952;54;1507;1606050002;1606574500;1404;16.0;0
2988;54;1492;1606080602;1606574532;1404;0.0;0
2963;54;1490;1606072504;1606574598;1404;13.0;0
2930;54;1693;1605998708;1606574654;1404;16.0;0
2976;55;1506;1606076109;1606575498;1404;4.0;0
2962;55;841;1606072502;1606575921;1404;8.0;0
2942;55;1214;1606041902;1606575948;1404;4.0;0
2956;55;1633;1606062602;1606576013;1404;4.0;0
2941;55;978;1606041058;1606576184;1404;0.0;0
2965;55;886;1606072508;1606577124;1404;5.0;0
2996;55;574;1606084203;1606577687;1404;2.0;0
2954;55;1507;1606059902;1606577950;1404;8.0;0
2989;55;1492;1606080604;1606578059;1404;3.0;0
2967;55;1490;1606074361;1606578130;1404;7.0;0
2931;55;1693;1605998711;1606578183;1404;8.0;0
3005;61;1729;1606488310;1610448230;1400;5.0;0
3004;59;1729;1606488302;1610533817;1400;15.0;0
2970;48;1506;1606075204;1606546212;1404;16.0;0
2741;48;1708;1604983502;1606546281;1404;10.0;0
2844;48;996;1605651302;1606546798;1404;16.0;0
2921;49;1492;1605988802;1606551024;1404;15.0;0
2678;50;1584;1604149202;1606552983;1404;2.0;0
2871;50;1519;1605801608;1606553855;1404;10.0;0
2948;52;1214;1606041951;1606556872;1404;7.0;0
2762;52;176;1605101412;1606557218;1404;10.0;0
2838;53;1584;1605608102;1606559096;1404;12.0;0
2706;53;1191;1604658602;1606560317;1404;7.0;0
2940;54;978;1606041046;1606561367;1404;7.0;0
2827;55;1510;1605545104;1606577568;1404;8.0;0
3026;58;1708;1607419802;1610025680;1400;9.0;0
3177;58;841;1609684204;1610025715;1400;10.0;0
3198;58;886;1609704007;1610027430;1400;10.0;0
3195;58;1673;1609703127;1610027503;1400;0.0;0
3019;58;1483;1606930202;1610027958;1400;10.0;0
3009;58;1116;1606664702;1610028069;1400;6.0;0
3189;58;1835;1609703108;1610028103;1400;10.0;0
3212;58;1693;1609714803;1610028234;1400;10.0;0
3031;58;1191;1607496301;1610028250;1400;10.0;0
3202;63;841;1609707602;1610028398;1400;10.0;0
3186;63;886;1609702202;1610028614;1400;5.0;0
3181;63;1673;1609689602;1610028712;1400;0.0;0
3023;63;1483;1606932002;1610028854;1400;10.0;0
3014;63;1116;1606667402;1610028924;1400;10.0;0
3193;63;1835;1609703120;1610028945;1400;10.0;0
3007;63;1729;1606560302;1610029167;1400;7.0;0
3208;63;1492;1609709403;1610029193;1400;10.0;0
3030;63;1708;1607494502;1610029310;1400;10.0;0
3036;63;1191;1607677202;1610357358;1400;9.0;0
3024;56;1708;1607406302;1610357617;1400;22.0;0
3016;56;1633;1606728602;1610357811;1400;20.0;0
3185;56;886;1609700402;1610358938;1400;25.0;0
3180;56;1673;1609687803;1610360360;1400;17.0;0
3017;56;1483;1606927502;1610360891;1400;25.0;0
3008;56;1116;1606662901;1610361595;1400;22.0;0
3187;56;1835;1609703102;1610361978;1400;17.0;0
3025;56;1191;1607409902;1610362459;1400;19.0;0
3203;57;841;1609707605;1610441758;1400;10.0;0
3018;57;1483;1606929302;1610443834;1400;10.0;0
3010;57;1116;1606664705;1610445256;1400;9.0;0
3188;57;1835;1609703105;1610446125;1400;9.0;0
3211;57;1693;1609713902;1610446266;1400;10.0;0
3028;61;1708;1607421606;1610446485;1400;5.0;0
3196;61;886;1609704002;1610446887;1400;5.0;0
3205;61;1673;1609707613;1610446964;1400;0.0;0
3021;61;1483;1606931104;1610447428;1400;5.0;0
3012;61;1116;1606665606;1610447867;1400;5.0;0
3191;61;1835;1609703115;1610448200;1400;5.0;0
3206;61;1492;1609708503;1610448347;1400;5.0;0
3034;61;1191;1607526006;1610448488;1400;5.0;0
3029;62;1708;1607493603;1610449012;1400;9.0;0
3201;62;886;1609705802;1610456059;1400;9.0;0
3199;62;1673;1609704902;1610456239;1400;1.0;0
3022;62;1483;1606931105;1610457660;1400;10.0;0
3013;62;1116;1606666502;1610458252;1400;10.0;0
3192;62;1835;1609703117;1610458681;1400;8.0;0
3006;62;1729;1606491002;1610459088;1400;6.0;0
3207;62;1492;1609708506;1610459158;1400;10.0;0
3035;62;1191;1607526009;1610460130;1400;10.0;0
3032;64;1708;1607500802;1610460671;1400;3.0;0
3182;64;1673;1609695902;1610461292;1400;1.0;0
3015;64;1116;1606672802;1610462706;1400;3.0;0
3194;64;1835;1609703123;1610463168;1400;13.0;0
3184;64;1507;1609699502;1610463741;1400;12.0;0
3209;64;1492;1609710302;1610464032;1400;7.0;0
3210;64;1693;1609712102;1610464715;1400;14.0;0
3027;59;1708;1607421602;1610465506;1400;7.0;0
3200;59;886;1609704904;1610468004;1400;15.0;0
3183;59;1673;1609697702;1610468401;1400;5.0;0
3020;59;1483;1606931102;1610469726;1400;12.0;0
3011;59;1116;1606665602;1610533104;1400;7.0;0
3197;59;1492;1609704004;1610534327;1400;11.0;0
3033;59;1191;1607526002;1610535720;1400;12.0;0
3213;68;1554;1609872302;1612869506;1400;23.0;0
3276;65;1490;1611497702;1613059330;1400;5.0;0
3254;70;1515;1610914502;1612264741;1400;6.0;0
3312;70;996;1611968411;1612264778;1400;15.0;0
3322;70;1584;1612095302;1612264946;1400;10.0;0
3231;70;1116;1610364602;1612265620;1400;15.0;0
3315;70;1507;1612029602;1612265731;1400;15.0;0
3323;70;294;1612112402;1612265778;1400;14.0;0
3330;70;1693;1612129515;1612265866;1400;15.0;0
3316;65;1639;1612035002;1612515930;1400;11.0;0
3325;66;574;1612126802;1612790212;1400;1.0;0
3318;66;294;1612088102;1612790933;1400;10.0;0
3277;66;1490;1611498602;1612791022;1400;8.0;0
3327;66;1693;1612129505;1612791049;1400;10.0;0
3331;67;574;1612130402;1612792787;1400;0.0;0
3240;67;1519;1610627408;1612793177;1400;16.0;0
3274;67;1507;1611428403;1612793502;1400;16.0;0
3319;67;294;1612088104;1612793560;1400;16.0;0
3328;67;1693;1612129507;1612793764;1400;15.0;0
3214;68;1673;1609965002;1612864174;1400;23.0;0
3332;68;1693;1612131302;1612869864;1400;23.0;0
3275;68;1507;1611432002;1613047140;1400;23.0;0
3321;68;1492;1612094402;1613047201;1400;16.0;0
3320;68;294;1612089902;1613047263;1400;23.0;0
3329;69;1693;1612129510;1613055897;1400;20.0;0
3324;65;574;1612124102;1613058286;1400;6.0;0
3317;65;294;1612087202;1613059012;1400;8.0;0
3326;65;1693;1612129501;1613059792;1400;10.0;0
