id;course;module;instance;section;idnumber;added;score;indent;visible;visibleoncoursepage;visibleold;groupmode;groupingid;completion;completiongradeitemnumber;completionview;completionexpected;showdescription;availability;deletioninprogress
493;5;15;44;43;;1601455059;0;0;1;1;1;0;0;2;;1;0;0;;0
494;5;15;45;43;;1601455200;0;0;1;1;1;0;0;2;;1;0;0;;0
495;5;15;46;43;;1601455362;0;0;1;1;1;0;0;2;;1;0;0;;0
248;5;15;12;38;;1567679805;0;0;1;1;1;0;0;2;;1;0;0;;0
306;5;16;115;39;;1570689034;0;1;1;1;1;0;0;2;0.0;1;0;0;;0
331;5;16;130;40;;1573656447;0;1;1;1;1;0;0;2;0.0;1;0;0;;0
454;5;17;25;43;;1599816346;0;0;1;1;1;0;0;2;;1;0;0;;0
307;5;16;116;39;;1570689388;0;1;1;1;1;0;0;2;0.0;1;0;0;;0
332;5;16;131;40;;1573656902;0;1;1;1;1;0;0;2;0.0;1;0;0;;0
249;5;1;39;38;;1569316579;0;1;1;1;1;0;0;1;;0;0;0;;0
251;5;1;41;38;;1569317573;0;1;1;1;1;0;0;1;;0;0;0;;0
252;5;1;42;38;;1569317838;0;1;1;1;1;0;0;1;;0;0;0;;0
255;5;1;45;38;;1569318239;0;1;1;1;1;0;0;1;;0;0;0;;0
256;5;1;46;38;;1569318780;0;1;1;1;1;0;0;1;;0;0;0;;0
319;5;16;118;40;;1573133050;0;1;1;1;1;2;0;2;0.0;1;0;0;;0
480;5;29;21;41;;1601452734;0;0;1;1;1;0;0;1;;0;0;1;;0
448;5;29;14;38;;1599742277;0;0;1;1;1;0;0;1;;0;0;1;;0
334;5;16;133;40;;1573657867;0;1;1;1;1;0;0;2;0.0;1;0;0;;0
348;5;16;140;41;;1574760160;0;1;1;1;1;0;0;2;0.0;1;0;0;;0
475;5;17;32;38;;1601452463;0;1;1;1;1;0;0;2;;1;0;0;;0
265;5;16;83;38;;1570800233;0;1;1;1;1;0;0;2;0.0;1;0;1;;0
282;5;1;48;39;;1569323409;0;1;1;1;1;2;0;1;;0;0;0;;0
253;5;1;43;38;;1569317989;0;1;1;1;1;0;0;1;;0;0;0;;0
283;5;1;49;39;;1569323648;0;1;1;1;1;0;0;1;;0;0;0;;0
519;5;16;154;40;;1611058676;0;0;0;1;0;0;0;1;;0;0;0;;0
484;5;29;23;39;;1601452988;0;0;1;1;1;0;0;1;;0;0;1;;0
284;5;1;50;39;;1569323991;0;1;1;1;1;0;0;1;;0;0;0;;0
285;5;1;51;39;;1569324314;0;1;1;1;1;0;0;1;;0;0;0;;0
286;5;1;52;39;;1569324485;0;1;1;1;1;0;0;1;;0;0;0;;0
287;5;1;53;39;;1569325097;0;1;1;1;1;0;0;1;;0;0;0;;0
476;5;29;19;39;;1601452601;0;0;1;1;1;0;0;1;;0;0;1;;0
288;5;1;54;39;;1569325571;0;1;1;1;1;0;0;1;;0;0;0;;0
289;5;1;55;39;;1569325704;0;1;1;1;1;0;0;1;;0;0;0;;0
486;5;29;24;40;;1601453074;0;0;1;1;1;0;0;1;;0;0;1;;0
488;5;29;25;41;;1601453131;0;0;1;1;1;0;0;1;;0;0;1;;0
266;5;16;84;38;;1570014335;0;1;1;1;1;0;0;2;0.0;1;0;0;;0
267;5;16;85;38;;1570014429;0;1;1;1;1;0;0;2;0.0;1;0;0;;0
268;5;16;86;38;;1570014524;0;1;1;1;1;0;0;2;0.0;1;0;0;;0
269;5;16;87;38;;1570014616;0;1;1;1;1;0;0;2;0.0;1;0;0;;0
314;5;1;61;40;;1569340565;0;1;1;1;1;0;0;1;;0;0;0;;0
297;5;16;106;39;;1570527401;0;1;1;1;1;0;0;2;0.0;1;0;0;;0
315;5;1;62;40;;1569400104;0;1;1;1;1;0;0;1;;0;0;0;;0
254;5;1;44;38;;1569318112;0;1;1;1;1;0;0;1;;0;0;0;;0
309;5;1;56;40;;1569339160;0;1;1;1;1;0;0;1;;0;0;0;;0
310;5;1;57;40;;1569339432;0;1;1;1;1;0;0;1;;0;0;0;;0
452;5;17;23;43;;1599816104;0;0;1;1;1;0;0;2;;1;0;0;;0
318;5;15;14;40;;1569584996;0;0;1;1;1;0;0;2;;1;0;0;;0
311;5;1;58;40;;1569340303;0;1;1;1;1;0;0;1;;0;0;0;;0
312;5;1;59;40;;1569340460;0;1;1;1;1;0;0;1;;0;0;0;;0
316;5;1;63;40;;1569400782;0;1;1;1;1;0;0;1;;0;0;0;;0
317;5;1;64;40;;1569400999;0;1;1;1;1;0;0;1;;0;0;0;;0
298;5;16;107;39;;1570528130;0;1;1;1;1;0;0;2;0.0;1;0;0;;0
506;5;17;39;38;;1606206284;0;1;1;1;1;0;0;0;;0;0;0;"{""op"":""&"",""c"":[{""type"":""date"",""d"":"">="",""t"":1603666800}],""showc"":[true]}";0
509;5;17;42;41;;1606206763;0;0;1;1;1;0;0;1;;0;0;0;"{""op"":""&"",""c"":[{""type"":""date"",""d"":"">="",""t"":1612134000}],""showc"":[true]}";0
299;5;16;108;39;;1570535585;0;1;1;1;1;0;0;2;0.0;1;0;0;;0
508;5;17;41;40;;1606206539;0;1;1;1;1;0;0;1;;0;0;0;"{""op"":""&"",""c"":[{""type"":""date"",""d"":"">="",""t"":1609714800}],""showc"":[true]}";0
507;5;17;40;39;;1606206397;0;1;1;1;1;0;0;1;;0;0;0;"{""op"":""&"",""c"":[{""type"":""date"",""d"":"">="",""t"":1606086000}],""showc"":[true]}";0
300;5;16;109;39;;1570536218;0;1;1;1;1;0;0;2;0.0;1;0;0;;0
301;5;16;110;39;;1570536571;0;1;1;1;1;0;0;2;0.0;1;0;0;;0
302;5;16;111;39;;1570537262;0;1;1;1;1;0;0;2;0.0;1;0;0;;0
303;5;16;112;39;;1570687556;0;1;1;1;1;0;0;2;0.0;1;0;0;;0
304;5;16;113;39;;1570688088;0;1;1;1;1;0;0;2;0.0;1;0;0;;0
305;5;16;114;39;;1570688589;0;1;1;1;1;0;0;2;0.0;1;0;0;;0
294;5;16;103;39;;1570524843;0;1;1;1;1;0;0;2;0.0;1;0;0;;0
295;5;16;104;39;;1570525773;0;1;1;1;1;0;0;2;0.0;1;0;0;;0
296;5;16;105;39;;1570526585;0;1;1;1;1;0;0;2;0.0;1;0;0;;0
343;5;15;15;41;;1574259801;0;0;1;1;1;0;0;2;;1;0;0;;0
257;5;1;47;38;;1569318952;0;1;1;1;1;0;0;1;;0;0;0;;0
337;5;1;65;41;;1569402331;0;1;1;1;1;0;0;1;;0;0;0;;0
338;5;1;66;41;;1569402516;0;1;1;1;1;0;0;1;;0;0;0;;0
339;5;1;67;41;;1569402701;0;1;1;1;1;0;0;1;;0;0;0;;0
340;5;1;68;41;;1569402944;0;1;1;1;1;0;0;1;;0;0;0;;0
341;5;1;69;41;;1569403205;0;1;1;1;1;0;0;1;;0;0;0;;0
342;5;1;70;41;;1569403818;0;1;1;1;1;0;0;1;;0;0;0;;0
351;5;1;71;42;;1569319642;0;0;1;1;1;0;0;2;;1;0;0;;0
321;5;16;120;40;;1573135220;0;1;1;1;1;0;0;2;0.0;1;0;0;;0
323;5;16;122;40;;1573136387;0;1;1;1;1;0;0;2;0.0;1;0;0;;0
324;5;16;123;40;;1573566181;0;1;1;1;1;0;0;2;0.0;1;0;0;;0
325;5;16;124;40;;1573566685;0;1;1;1;1;0;0;2;0.0;1;0;0;;0
326;5;16;125;40;;1573652738;0;1;1;1;1;0;0;2;0.0;1;0;0;;0
327;5;16;126;40;;1573653529;0;1;1;1;1;0;0;2;0.0;1;0;0;;0
328;5;16;127;40;;1573654449;0;1;1;1;1;0;0;2;0.0;1;0;0;;0
329;5;16;128;40;;1573654855;0;1;1;1;1;0;0;2;0.0;1;0;0;;0
358;5;12;38;46;;1569958693;0;0;1;1;1;0;0;1;;0;0;1;;0
359;5;12;39;46;;1569958735;0;0;1;1;1;0;0;1;;0;0;1;;0
455;5;17;26;43;;1599816440;0;0;1;1;1;0;0;2;;1;0;0;;0
357;5;12;37;46;;1569958660;0;0;1;1;1;0;0;1;;0;0;1;;0
457;5;17;28;43;;1599816572;0;0;1;1;1;0;0;2;;1;0;0;;0
352;5;1;72;42;;1569336540;0;0;1;1;1;0;0;2;;1;0;0;;0
259;5;16;77;38;;1570012475;0;1;1;1;1;0;0;2;0.0;1;0;0;;0
353;5;1;73;42;;1569404150;0;0;1;1;1;0;0;2;;1;0;0;;0
482;5;29;22;38;;1601452854;0;0;1;1;1;0;0;1;;0;0;1;;0
260;5;16;78;38;;1570013653;0;1;1;1;1;2;0;2;0.0;1;0;0;;0
356;5;12;36;46;;1569958630;0;0;1;1;1;0;0;1;;0;0;1;;0
261;5;16;79;38;;1570013814;0;1;1;1;1;0;0;2;0.0;1;0;0;;0
262;5;16;80;38;;1570013868;0;1;1;1;1;0;0;2;0.0;1;0;0;;0
263;5;16;81;38;;1570013917;0;1;1;1;1;0;0;2;0.0;1;0;0;;0
458;5;29;15;39;;1600065860;0;0;1;1;1;0;0;1;;0;0;1;;0
459;5;29;16;40;;1600065910;0;0;1;1;1;0;0;1;;0;0;1;;0
460;5;29;17;41;;1600065958;0;0;1;1;1;0;0;1;;0;0;1;;0
490;5;15;41;43;;1601454240;0;0;1;1;1;0;0;2;;1;0;0;;0
487;5;12;66;40;;1601453109;0;0;1;1;1;0;0;1;;0;0;1;;0
491;5;15;42;43;;1601454344;0;0;1;1;1;0;0;2;;1;0;0;;0
485;5;12;65;39;;1601453017;0;0;1;1;1;0;0;1;;0;0;1;;0
281;5;15;13;39;;1569584707;0;0;1;1;1;0;0;2;;1;0;0;;0
492;5;15;43;43;;1601454899;0;0;1;1;1;0;0;2;;1;0;0;;0
483;5;12;64;38;;1601452935;0;0;1;1;1;0;0;1;;0;0;1;;0
290;5;16;99;39;;1570518353;0;1;1;1;1;0;0;2;0.0;1;0;0;;0
473;5;29;18;38;;1601452162;0;0;1;1;1;0;0;1;;0;0;1;;0
478;5;29;20;40;;1601452671;0;0;1;1;1;0;0;1;;0;0;1;;0
489;5;12;67;41;;1601453162;0;0;1;1;1;0;0;1;;0;0;1;;0
291;5;16;100;39;;1570519652;0;1;1;1;1;0;0;2;0.0;1;0;0;;0
496;5;29;26;39;;1601459631;0;0;1;1;1;0;0;1;;0;0;1;;0
292;5;16;101;39;;1570521170;0;1;1;1;1;0;0;2;0.0;1;0;0;;0
293;5;16;102;39;;1570522092;0;1;1;1;1;0;0;2;0.0;1;0;0;;0
470;5;30;1;37;;1601386083;0;0;1;1;1;0;0;1;;0;0;0;;0
497;5;29;27;38;;1601459679;0;0;1;1;1;0;0;1;;0;0;1;;0
264;5;16;82;38;;1570013984;0;1;1;1;1;0;0;2;0.0;1;0;0;;0
498;5;29;28;40;;1601459719;0;0;1;1;1;0;0;1;;0;0;1;;0
270;5;16;88;38;;1570014704;0;1;1;1;1;0;0;2;0.0;1;0;0;;0
499;5;29;29;41;;1601459749;0;0;1;1;1;0;0;1;;0;0;1;;0
308;5;16;117;39;;1570689848;0;1;1;1;1;0;0;2;0.0;1;0;0;;0
477;5;17;33;39;;1601452646;0;1;1;1;1;0;0;2;;1;0;0;;0
479;5;17;34;40;;1601452707;0;1;1;1;1;0;0;2;;1;0;0;;0
481;5;17;35;41;;1601452772;0;1;1;1;1;0;0;2;;1;0;0;;0
320;5;16;119;40;;1573133832;0;1;1;1;1;0;0;2;0.0;1;0;0;;0
271;5;16;89;38;;1570014803;0;1;1;1;1;0;0;2;0.0;1;0;0;;0
272;5;16;90;38;;1571294289;0;1;1;1;1;0;0;2;0.0;1;0;1;;0
273;5;16;91;38;;1570014954;0;1;1;1;1;0;0;2;0.0;1;0;0;;0
274;5;16;92;38;;1570015052;0;1;1;1;1;0;0;2;0.0;1;0;0;;0
275;5;16;93;38;;1570015134;0;1;1;1;1;0;0;2;0.0;1;0;0;;0
276;5;16;94;38;;1570015227;0;1;1;1;1;0;0;2;0.0;1;0;0;;0
277;5;16;95;38;;1570015293;0;1;1;1;1;0;0;2;0.0;1;0;0;;0
278;5;16;96;38;;1570015423;0;1;1;1;1;0;0;2;0.0;1;0;0;;0
279;5;16;97;38;;1570015499;0;1;1;1;1;0;0;2;0.0;1;0;0;;0
280;5;16;98;38;;1570015599;0;1;1;1;1;0;0;2;0.0;1;0;0;;0
322;5;16;121;40;;1573135775;0;1;1;1;1;0;0;2;0.0;1;0;0;;0
330;5;16;129;40;;1573655891;0;1;1;1;1;0;0;2;0.0;1;0;0;;0
333;5;16;132;40;;1573657476;0;1;1;1;1;0;0;2;0.0;1;0;0;;0
335;5;16;134;40;;1573658260;0;1;1;1;1;0;0;2;0.0;1;0;0;;0
336;5;16;135;40;;1573719299;0;1;1;1;1;0;0;2;0.0;1;0;0;;0
344;5;16;136;41;;1574684773;0;1;1;1;1;0;0;2;0.0;1;0;0;;0
345;5;16;137;41;;1574685462;0;1;1;1;1;0;0;2;0.0;1;0;0;;0
346;5;16;138;41;;1574685978;0;1;1;1;1;0;0;2;0.0;1;0;0;;0
347;5;16;139;41;;1574759045;0;1;1;1;1;0;0;2;0.0;1;0;0;;0
349;5;16;141;41;;1574760748;0;1;1;1;1;0;0;2;0.0;1;0;0;;0
350;5;16;142;41;;1574761500;0;1;1;1;1;0;0;2;0.0;1;0;0;;0
